Invoice ID,Branch,City,Date,Time,Payment
750-67-8428,A,Yangon,2019-01-05,13:08:00,Ewallet
226-31-3081,C,Naypyitaw,2019-03-08,10:29:00,Cash
631-41-3108,A,Yangon,2019-03-03,13:23:00,Credit card
123-19-1176,A,Yangon,2019-01-27,20:33:00,Ewallet
373-73-7910,A,Yangon,2019-02-08,10:37:00,Ewallet
699-14-3026,C,Naypyitaw,2019-03-25,18:30:00,Ewallet
355-53-5943,A,Yangon,2019-02-25,14:36:00,Ewallet
315-22-5665,C,Naypyitaw,2019-02-24,11:38:00,Ewallet
665-32-9167,A,Yangon,2019-01-10,17:15:00,Credit card
692-92-5582,B,Mandalay,2019-02-20,13:27:00,Credit card
351-62-0822,B,Mandalay,2019-02-06,18:07:00,Ewallet
529-56-3974,B,Mandalay,2019-03-09,17:03:00,Cash
365-64-0515,A,Yangon,2019-02-12,10:25:00,Ewallet
252-56-2699,A,Yangon,2019-02-07,16:48:00,Ewallet
829-34-3910,A,Yangon,2019-03-29,19:21:00,Cash
299-46-1805,B,Mandalay,2019-01-15,16:19:00,Cash
656-95-9349,A,Yangon,2019-03-11,11:03:00,Credit card
765-26-6951,A,Yangon,2019-01-01,10:39:00,Credit card
329-62-1586,A,Yangon,2019-01-21,18:00:00,Credit card
319-50-3348,B,Mandalay,2019-03-11,15:30:00,Ewallet
300-71-4605,C,Naypyitaw,2019-02-25,11:24:00,Ewallet
371-85-5789,B,Mandalay,2019-03-05,10:40:00,Ewallet
273-16-6619,B,Mandalay,2019-03-15,12:20:00,Credit card
636-48-8204,A,Yangon,2019-02-17,11:15:00,Ewallet
549-59-1358,A,Yangon,2019-03-02,17:36:00,Ewallet
227-03-5010,A,Yangon,2019-03-22,19:20:00,Credit card
649-29-6775,B,Mandalay,2019-02-08,15:31:00,Cash
189-17-4241,A,Yangon,2019-03-10,12:17:00,Credit card
145-94-9061,B,Mandalay,2019-01-25,19:48:00,Cash
848-62-7243,A,Yangon,2019-03-15,15:36:00,Cash
871-79-8483,B,Mandalay,2019-02-25,19:39:00,Credit card
149-71-6266,B,Mandalay,2019-01-28,12:43:00,Cash
640-49-2076,B,Mandalay,2019-01-10,14:49:00,Cash
595-11-5460,A,Yangon,2019-03-15,10:12:00,Credit card
183-56-6882,C,Naypyitaw,2019-02-06,10:42:00,Ewallet
232-16-2483,C,Naypyitaw,2019-01-07,12:28:00,Ewallet
129-29-8530,A,Yangon,2019-03-10,19:15:00,Ewallet
272-65-1806,A,Yangon,2019-01-15,17:17:00,Ewallet
333-73-7901,C,Naypyitaw,2019-03-23,13:24:00,Ewallet
777-82-7220,B,Mandalay,2019-03-03,13:01:00,Cash
280-35-5823,B,Mandalay,2019-01-17,18:45:00,Ewallet
554-53-8700,C,Naypyitaw,2019-02-02,10:11:00,Cash
354-25-5821,B,Mandalay,2019-02-08,13:03:00,Cash
228-96-1411,C,Naypyitaw,2019-03-04,20:39:00,Cash
617-15-4209,C,Naypyitaw,2019-03-16,19:47:00,Cash
132-32-9879,B,Mandalay,2019-03-09,18:00:00,Cash
370-41-7321,B,Mandalay,2019-02-27,17:24:00,Credit card
727-46-3608,B,Mandalay,2019-02-06,15:47:00,Ewallet
669-54-1719,B,Mandalay,2019-02-10,12:45:00,Credit card
574-22-5561,C,Naypyitaw,2019-03-19,17:08:00,Ewallet
326-78-5178,C,Naypyitaw,2019-02-03,10:19:00,Cash
162-48-8011,A,Yangon,2019-02-10,15:10:00,Cash
616-24-2851,B,Mandalay,2019-03-22,14:42:00,Ewallet
778-71-5554,C,Naypyitaw,2019-01-25,15:46:00,Credit card
242-55-6721,B,Mandalay,2019-03-07,11:49:00,Ewallet
399-46-5918,C,Naypyitaw,2019-02-28,19:01:00,Cash
106-35-6779,A,Yangon,2019-03-27,11:26:00,Cash
635-40-6220,A,Yangon,2019-02-07,11:28:00,Ewallet
817-48-8732,A,Yangon,2019-01-20,15:55:00,Cash
120-06-4233,C,Naypyitaw,2019-03-12,20:36:00,Cash
285-68-5083,C,Naypyitaw,2019-02-15,17:47:00,Credit card
803-83-5989,C,Naypyitaw,2019-02-24,10:55:00,Ewallet
347-34-2234,B,Mandalay,2019-02-03,13:40:00,Ewallet
199-75-8169,A,Yangon,2019-03-06,12:27:00,Credit card
853-23-2453,B,Mandalay,2019-02-14,14:35:00,Cash
877-22-3308,A,Yangon,2019-03-13,16:40:00,Cash
838-78-4295,C,Naypyitaw,2019-02-10,15:43:00,Ewallet
109-28-2512,B,Mandalay,2019-01-07,15:01:00,Ewallet
232-11-3025,A,Yangon,2019-01-24,10:04:00,Cash
382-03-4532,A,Yangon,2019-02-02,18:50:00,Cash
393-65-2792,C,Naypyitaw,2019-01-06,12:46:00,Credit card
796-12-2025,C,Naypyitaw,2019-02-11,16:19:00,Cash
510-95-6347,B,Mandalay,2019-03-05,18:17:00,Ewallet
841-35-6630,C,Naypyitaw,2019-03-09,18:21:00,Cash
287-21-9091,A,Yangon,2019-01-22,10:55:00,Ewallet
732-94-0499,C,Naypyitaw,2019-01-13,17:04:00,Credit card
263-10-3913,C,Naypyitaw,2019-01-09,14:20:00,Credit card
381-20-0914,A,Yangon,2019-01-12,15:48:00,Credit card
829-49-1914,C,Naypyitaw,2019-03-05,16:24:00,Ewallet
756-01-7507,C,Naypyitaw,2019-01-22,18:56:00,Cash
870-72-4431,C,Naypyitaw,2019-01-21,14:42:00,Credit card
847-38-7188,B,Mandalay,2019-01-26,19:56:00,Ewallet
480-63-2856,C,Naypyitaw,2019-01-23,18:37:00,Ewallet
787-56-0757,C,Naypyitaw,2019-02-23,18:45:00,Credit card
360-39-5055,C,Naypyitaw,2019-03-09,10:17:00,Cash
730-50-9884,C,Naypyitaw,2019-03-05,14:31:00,Ewallet
362-58-8315,C,Naypyitaw,2019-03-25,10:23:00,Cash
633-44-8566,A,Yangon,2019-03-27,20:35:00,Credit card
504-35-8843,A,Yangon,2019-01-02,16:57:00,Cash
318-68-5053,B,Mandalay,2019-02-27,17:55:00,Cash
565-80-5980,C,Naypyitaw,2019-01-23,10:25:00,Cash
225-32-0908,C,Naypyitaw,2019-01-26,19:54:00,Ewallet
873-51-0671,A,Yangon,2019-01-10,16:42:00,Ewallet
152-08-9985,B,Mandalay,2019-03-12,12:09:00,Credit card
512-91-0811,C,Naypyitaw,2019-02-06,20:05:00,Credit card
594-34-4444,A,Yangon,2019-03-08,20:38:00,Ewallet
766-85-7061,B,Mandalay,2019-03-29,10:25:00,Ewallet
871-39-9221,C,Naypyitaw,2019-02-09,13:11:00,Cash
865-92-6136,A,Yangon,2019-03-23,10:16:00,Ewallet
733-01-9107,B,Mandalay,2019-03-05,18:14:00,Cash
163-56-7055,C,Naypyitaw,2019-03-26,19:20:00,Cash
189-98-2939,C,Naypyitaw,2019-03-01,13:22:00,Cash
551-21-3069,C,Naypyitaw,2019-02-01,11:27:00,Cash
212-62-1842,A,Yangon,2019-03-28,16:44:00,Cash
716-39-1409,B,Mandalay,2019-03-19,18:19:00,Cash
704-48-3927,A,Yangon,2019-01-12,14:50:00,Ewallet
628-34-3388,C,Naypyitaw,2019-01-05,20:54:00,Credit card
630-74-5166,A,Yangon,2019-03-22,20:19:00,Cash
588-01-7461,C,Naypyitaw,2019-03-24,10:43:00,Cash
861-77-0145,C,Naypyitaw,2019-03-03,14:30:00,Cash
479-26-8945,B,Mandalay,2019-02-05,11:32:00,Ewallet
210-67-5886,C,Naypyitaw,2019-02-05,10:41:00,Credit card
227-78-1148,B,Mandalay,2019-02-15,12:44:00,Cash
645-44-1170,A,Yangon,2019-01-19,20:07:00,Ewallet
237-01-6122,C,Naypyitaw,2019-02-01,20:31:00,Credit card
225-98-1496,C,Naypyitaw,2019-03-02,13:01:00,Credit card
291-32-1427,B,Mandalay,2019-03-05,12:29:00,Ewallet
659-65-8956,B,Mandalay,2019-01-16,15:26:00,Ewallet
642-32-2990,A,Yangon,2019-02-02,20:48:00,Ewallet
378-24-2715,B,Mandalay,2019-01-20,20:38:00,Ewallet
638-60-7125,A,Yangon,2019-02-14,17:03:00,Credit card
659-36-1684,C,Naypyitaw,2019-01-12,12:02:00,Credit card
219-22-9386,B,Mandalay,2019-03-09,17:26:00,Credit card
336-78-2147,C,Naypyitaw,2019-03-13,19:52:00,Credit card
268-27-6179,B,Mandalay,2019-03-09,14:57:00,Ewallet
668-90-8900,A,Yangon,2019-03-10,18:44:00,Credit card
870-54-3162,A,Yangon,2019-01-27,13:26:00,Cash
189-08-9157,C,Naypyitaw,2019-01-08,16:17:00,Credit card
663-86-9076,C,Naypyitaw,2019-01-08,15:57:00,Ewallet
549-84-7482,B,Mandalay,2019-02-08,11:15:00,Ewallet
191-10-6171,B,Mandalay,2019-01-25,13:18:00,Cash
802-70-5316,A,Yangon,2019-03-06,20:34:00,Cash
695-51-0018,B,Mandalay,2019-02-10,18:36:00,Cash
590-83-4591,B,Mandalay,2019-02-17,14:40:00,Credit card
483-71-1164,C,Naypyitaw,2019-03-08,16:43:00,Ewallet
597-78-7908,C,Naypyitaw,2019-02-18,19:39:00,Cash
700-81-1757,A,Yangon,2019-01-18,20:59:00,Credit card
354-39-5160,A,Yangon,2019-02-18,15:39:00,Cash
241-72-9525,B,Mandalay,2019-02-16,12:21:00,Cash
575-30-8091,A,Yangon,2019-03-16,19:25:00,Ewallet
731-81-9469,C,Naypyitaw,2019-01-23,13:00:00,Credit card
280-17-4359,C,Naypyitaw,2019-01-25,13:48:00,Cash
338-65-2210,C,Naypyitaw,2019-02-05,19:57:00,Cash
488-25-4221,C,Naypyitaw,2019-02-22,10:36:00,Credit card
239-10-7476,A,Yangon,2019-01-21,16:37:00,Ewallet
458-41-1477,C,Naypyitaw,2019-03-08,17:11:00,Credit card
685-64-1609,A,Yangon,2019-02-10,12:28:00,Ewallet
568-90-5112,C,Naypyitaw,2019-03-19,12:46:00,Credit card
262-47-2794,B,Mandalay,2019-03-06,15:07:00,Credit card
238-49-0436,A,Yangon,2019-03-27,13:48:00,Credit card
608-96-3517,B,Mandalay,2019-03-23,19:20:00,Credit card
584-86-7256,C,Naypyitaw,2019-03-11,16:07:00,Credit card
746-94-0204,A,Yangon,2019-01-29,11:56:00,Credit card
214-17-6927,C,Naypyitaw,2019-02-07,18:23:00,Ewallet
400-89-4171,C,Naypyitaw,2019-01-28,13:05:00,Cash
782-95-9291,A,Yangon,2019-02-20,15:55:00,Credit card
279-74-2924,B,Mandalay,2019-01-04,19:40:00,Cash
307-85-2293,B,Mandalay,2019-03-07,13:58:00,Ewallet
743-04-1105,B,Mandalay,2019-03-30,14:43:00,Ewallet
423-57-2993,B,Mandalay,2019-03-27,19:18:00,Ewallet
894-41-5205,C,Naypyitaw,2019-01-19,19:39:00,Credit card
275-28-0149,A,Yangon,2019-02-25,16:21:00,Cash
101-17-6199,A,Yangon,2019-03-13,19:44:00,Credit card
423-80-0988,C,Naypyitaw,2019-01-30,19:42:00,Ewallet
548-46-9322,B,Mandalay,2019-02-20,15:24:00,Credit card
505-02-0892,B,Mandalay,2019-02-25,14:12:00,Ewallet
234-65-2137,C,Naypyitaw,2019-01-16,13:32:00,Cash
687-47-8271,A,Yangon,2019-02-08,16:20:00,Credit card
796-32-9050,A,Yangon,2019-01-19,16:31:00,Cash
105-31-1824,A,Yangon,2019-02-01,15:10:00,Credit card
249-42-3782,A,Yangon,2019-01-03,11:36:00,Ewallet
316-55-4634,B,Mandalay,2019-01-26,12:45:00,Credit card
733-33-4967,C,Naypyitaw,2019-03-03,19:17:00,Cash
608-27-6295,B,Mandalay,2019-01-19,17:34:00,Credit card
414-12-7047,B,Mandalay,2019-01-18,12:04:00,Ewallet
827-26-2100,A,Yangon,2019-03-21,16:21:00,Ewallet
175-54-2529,A,Yangon,2019-03-03,17:01:00,Credit card
139-52-2867,C,Naypyitaw,2019-02-13,10:50:00,Credit card
407-63-8975,A,Yangon,2019-03-23,19:16:00,Ewallet
342-65-4817,C,Naypyitaw,2019-01-28,16:47:00,Ewallet
130-98-8941,C,Naypyitaw,2019-02-09,10:00:00,Cash
434-83-9547,C,Naypyitaw,2019-01-23,11:51:00,Cash
851-28-6367,A,Yangon,2019-03-23,10:55:00,Ewallet
824-88-3614,C,Naypyitaw,2019-01-25,15:00:00,Ewallet
586-25-0848,A,Yangon,2019-03-04,11:19:00,Credit card
895-66-0685,B,Mandalay,2019-03-05,19:46:00,Ewallet
305-14-0245,B,Mandalay,2019-03-03,19:00:00,Ewallet
732-04-5373,B,Mandalay,2019-02-08,10:53:00,Cash
400-60-7251,A,Yangon,2019-02-10,12:50:00,Ewallet
593-65-1552,C,Naypyitaw,2019-01-28,20:50:00,Credit card
284-34-9626,B,Mandalay,2019-02-11,10:39:00,Credit card
437-58-8131,B,Mandalay,2019-01-15,13:41:00,Ewallet
286-43-6208,C,Naypyitaw,2019-03-16,19:08:00,Cash
641-43-2399,B,Mandalay,2019-01-26,20:23:00,Ewallet
831-07-6050,A,Yangon,2019-03-19,11:30:00,Credit card
556-86-3144,C,Naypyitaw,2019-01-13,19:30:00,Cash
848-24-9445,C,Naypyitaw,2019-03-26,18:03:00,Cash
856-22-8149,A,Yangon,2019-03-23,10:13:00,Ewallet
699-01-4164,C,Naypyitaw,2019-03-12,19:58:00,Credit card
420-11-4919,C,Naypyitaw,2019-02-17,19:57:00,Credit card
606-80-4905,C,Naypyitaw,2019-01-29,10:01:00,Credit card
542-41-0513,B,Mandalay,2019-03-15,11:57:00,Cash
426-39-2418,C,Naypyitaw,2019-01-14,10:02:00,Cash
875-46-5808,B,Mandalay,2019-02-06,14:51:00,Ewallet
394-43-4238,B,Mandalay,2019-02-15,12:42:00,Credit card
749-24-1565,A,Yangon,2019-01-03,12:02:00,Ewallet
672-51-8681,C,Naypyitaw,2019-01-04,18:19:00,Credit card
263-87-5680,C,Naypyitaw,2019-03-18,17:38:00,Ewallet
573-58-9734,B,Mandalay,2019-03-28,13:41:00,Ewallet
817-69-8206,B,Mandalay,2019-03-02,19:42:00,Credit card
888-02-0338,A,Yangon,2019-01-25,20:24:00,Ewallet
677-11-0152,C,Naypyitaw,2019-01-16,18:08:00,Cash
142-63-6033,B,Mandalay,2019-03-20,19:17:00,Ewallet
656-16-1063,B,Mandalay,2019-01-04,13:24:00,Credit card
891-58-8335,B,Mandalay,2019-03-11,15:53:00,Cash
802-43-8934,A,Yangon,2019-03-22,15:05:00,Credit card
560-30-5617,B,Mandalay,2019-03-24,18:27:00,Cash
319-74-2561,A,Yangon,2019-02-21,16:55:00,Cash
549-03-9315,B,Mandalay,2019-02-12,12:58:00,Ewallet
790-29-1172,B,Mandalay,2019-03-10,18:59:00,Credit card
239-36-3640,B,Mandalay,2019-01-31,13:44:00,Ewallet
468-01-2051,B,Mandalay,2019-03-06,13:46:00,Ewallet
389-25-3394,C,Naypyitaw,2019-02-17,18:06:00,Cash
279-62-1445,C,Naypyitaw,2019-02-21,12:38:00,Cash
213-72-6612,A,Yangon,2019-03-20,15:56:00,Cash
746-68-6593,C,Naypyitaw,2019-01-11,14:29:00,Credit card
836-82-5858,B,Mandalay,2019-01-26,19:14:00,Ewallet
583-72-1480,C,Naypyitaw,2019-01-31,16:24:00,Ewallet
466-61-5506,B,Mandalay,2019-02-26,10:52:00,Cash
721-86-6247,A,Yangon,2019-03-11,12:55:00,Ewallet
289-65-5721,B,Mandalay,2019-01-26,19:28:00,Cash
545-46-3100,B,Mandalay,2019-03-12,13:52:00,Credit card
418-02-5978,B,Mandalay,2019-02-11,10:54:00,Cash
269-04-5750,B,Mandalay,2019-02-21,18:31:00,Cash
157-13-5295,A,Yangon,2019-03-09,18:24:00,Ewallet
645-78-8093,A,Yangon,2019-01-20,18:09:00,Ewallet
211-30-9270,C,Naypyitaw,2019-01-28,15:16:00,Credit card
755-12-3214,C,Naypyitaw,2019-03-05,17:07:00,Credit card
346-84-3103,B,Mandalay,2019-03-02,19:26:00,Cash
478-06-7835,A,Yangon,2019-01-11,11:20:00,Ewallet
540-11-4336,A,Yangon,2019-01-11,16:49:00,Credit card
448-81-5016,A,Yangon,2019-03-11,12:01:00,Credit card
142-72-4741,C,Naypyitaw,2019-02-28,18:37:00,Credit card
217-58-1179,A,Yangon,2019-01-05,11:25:00,Cash
376-02-8238,B,Mandalay,2019-02-02,18:42:00,Credit card
530-90-9855,A,Yangon,2019-01-01,14:47:00,Cash
866-05-7563,B,Mandalay,2019-02-09,19:43:00,Cash
604-70-6476,A,Yangon,2019-01-23,14:04:00,Ewallet
799-71-1548,A,Yangon,2019-01-07,16:11:00,Credit card
785-13-7708,B,Mandalay,2019-01-14,19:06:00,Credit card
845-51-0542,B,Mandalay,2019-02-02,15:34:00,Ewallet
662-47-5456,C,Naypyitaw,2019-03-17,19:06:00,Credit card
883-17-4236,C,Naypyitaw,2019-03-02,19:44:00,Credit card
290-68-2984,A,Yangon,2019-03-16,11:22:00,Cash
704-11-6354,A,Yangon,2019-01-06,11:23:00,Cash
110-48-7033,B,Mandalay,2019-01-29,14:12:00,Cash
366-93-0948,A,Yangon,2019-01-31,10:46:00,Credit card
729-09-9681,A,Yangon,2019-02-05,10:16:00,Ewallet
151-16-1484,A,Yangon,2019-02-13,12:38:00,Ewallet
380-94-4661,C,Naypyitaw,2019-02-07,13:05:00,Credit card
850-41-9669,A,Yangon,2019-03-19,13:25:00,Ewallet
821-07-3596,C,Naypyitaw,2019-03-07,14:53:00,Ewallet
655-85-5130,B,Mandalay,2019-03-13,19:22:00,Cash
447-15-7839,A,Yangon,2019-02-09,11:00:00,Cash
154-74-7179,B,Mandalay,2019-02-26,19:24:00,Ewallet
253-12-6086,A,Yangon,2019-03-12,12:43:00,Credit card
808-65-0703,C,Naypyitaw,2019-03-14,17:22:00,Credit card
571-94-0759,B,Mandalay,2019-01-08,20:55:00,Cash
144-51-6085,A,Yangon,2019-01-05,16:05:00,Credit card
731-14-2199,A,Yangon,2019-01-04,13:34:00,Ewallet
783-09-1637,B,Mandalay,2019-03-06,18:13:00,Ewallet
687-15-1097,C,Naypyitaw,2019-01-03,19:17:00,Cash
126-54-1082,A,Yangon,2019-01-07,11:44:00,Credit card
633-91-1052,A,Yangon,2019-01-27,15:51:00,Cash
477-24-6490,B,Mandalay,2019-02-26,16:52:00,Ewallet
566-19-5475,B,Mandalay,2019-01-07,20:52:00,Cash
526-86-8552,C,Naypyitaw,2019-01-07,17:36:00,Cash
376-56-3573,C,Naypyitaw,2019-02-02,13:23:00,Ewallet
537-72-0426,C,Naypyitaw,2019-03-20,16:28:00,Cash
828-61-5674,A,Yangon,2019-03-20,19:57:00,Credit card
136-08-6195,A,Yangon,2019-02-15,17:01:00,Credit card
523-38-0215,C,Naypyitaw,2019-03-06,13:29:00,Credit card
490-29-1201,A,Yangon,2019-01-06,11:09:00,Cash
667-92-0055,A,Yangon,2019-03-04,15:02:00,Ewallet
565-17-3836,A,Yangon,2019-03-12,14:21:00,Cash
498-41-1961,B,Mandalay,2019-02-20,18:01:00,Cash
593-95-4461,C,Naypyitaw,2019-03-24,14:49:00,Cash
226-71-3580,C,Naypyitaw,2019-01-31,12:02:00,Cash
283-79-9594,B,Mandalay,2019-01-25,13:30:00,Credit card
430-60-3493,A,Yangon,2019-02-03,14:38:00,Cash
139-20-0155,B,Mandalay,2019-01-24,17:37:00,Credit card
558-80-4082,C,Naypyitaw,2019-03-14,17:20:00,Ewallet
278-97-7759,A,Yangon,2019-02-18,20:29:00,Cash
316-68-6352,A,Yangon,2019-01-21,10:00:00,Cash
585-03-5943,B,Mandalay,2019-03-13,11:46:00,Ewallet
211-05-0490,C,Naypyitaw,2019-03-03,13:42:00,Cash
727-75-6477,C,Naypyitaw,2019-03-29,14:44:00,Cash
744-02-5987,A,Yangon,2019-01-10,14:16:00,Ewallet
307-83-9164,A,Yangon,2019-01-25,15:54:00,Cash
779-06-0012,C,Naypyitaw,2019-01-19,10:21:00,Cash
446-47-6729,C,Naypyitaw,2019-01-02,18:09:00,Credit card
573-10-3877,B,Mandalay,2019-03-12,16:46:00,Credit card
735-06-4124,C,Naypyitaw,2019-02-25,15:31:00,Cash
439-54-7422,A,Yangon,2019-03-18,17:15:00,Credit card
396-90-2219,B,Mandalay,2019-02-23,12:29:00,Cash
411-77-0180,A,Yangon,2019-03-26,20:14:00,Ewallet
286-01-5402,A,Yangon,2019-03-30,13:22:00,Cash
803-17-8013,A,Yangon,2019-02-17,17:09:00,Cash
512-98-1403,A,Yangon,2019-03-21,10:40:00,Ewallet
848-42-2560,A,Yangon,2019-03-05,17:43:00,Cash
532-59-7201,B,Mandalay,2019-01-31,14:04:00,Cash
181-94-6432,C,Naypyitaw,2019-02-05,19:05:00,Ewallet
870-76-1733,A,Yangon,2019-02-01,10:08:00,Credit card
423-64-4619,A,Yangon,2019-03-07,13:12:00,Cash
227-07-4446,C,Naypyitaw,2019-02-10,20:51:00,Cash
174-36-3675,C,Naypyitaw,2019-02-14,17:29:00,Cash
428-83-5800,C,Naypyitaw,2019-02-09,10:25:00,Cash
603-07-0961,C,Naypyitaw,2019-01-10,11:34:00,Cash
704-20-4138,C,Naypyitaw,2019-03-11,18:58:00,Credit card
787-15-1757,C,Naypyitaw,2019-02-18,16:28:00,Ewallet
649-11-3678,C,Naypyitaw,2019-02-26,20:26:00,Cash
622-20-1945,C,Naypyitaw,2019-01-18,15:08:00,Cash
372-94-8041,A,Yangon,2019-02-15,18:03:00,Ewallet
563-91-7120,A,Yangon,2019-03-08,13:21:00,Cash
746-54-5508,A,Yangon,2019-01-17,12:48:00,Credit card
276-54-0879,B,Mandalay,2019-03-12,19:53:00,Ewallet
815-11-1168,A,Yangon,2019-03-09,19:09:00,Cash
719-76-3868,C,Naypyitaw,2019-03-12,16:30:00,Cash
730-61-8757,B,Mandalay,2019-01-25,10:11:00,Credit card
340-66-0321,A,Yangon,2019-03-25,13:07:00,Cash
868-81-1752,B,Mandalay,2019-02-07,18:48:00,Cash
634-97-8956,A,Yangon,2019-02-17,17:27:00,Credit card
566-71-1091,A,Yangon,2019-02-03,15:59:00,Cash
442-48-3607,A,Yangon,2019-03-14,11:21:00,Credit card
835-16-0096,C,Naypyitaw,2019-03-24,13:48:00,Ewallet
527-09-6272,A,Yangon,2019-03-21,10:17:00,Credit card
898-04-2717,A,Yangon,2019-03-19,15:49:00,Ewallet
692-27-8933,B,Mandalay,2019-02-24,13:02:00,Cash
633-09-3463,C,Naypyitaw,2019-03-28,12:58:00,Credit card
374-17-3652,B,Mandalay,2019-02-05,15:26:00,Credit card
378-07-7001,B,Mandalay,2019-02-10,18:23:00,Credit card
433-75-6987,B,Mandalay,2019-03-05,19:06:00,Ewallet
873-95-4984,B,Mandalay,2019-02-15,20:21:00,Cash
416-13-5917,C,Naypyitaw,2019-01-30,16:24:00,Ewallet
150-89-8043,A,Yangon,2019-02-14,15:04:00,Cash
135-84-8019,A,Yangon,2019-02-27,16:10:00,Ewallet
441-94-7118,A,Yangon,2019-02-04,12:14:00,Cash
725-96-3778,C,Naypyitaw,2019-01-20,10:13:00,Cash
531-80-1784,A,Yangon,2019-03-28,17:38:00,Cash
400-45-1220,B,Mandalay,2019-02-27,11:06:00,Credit card
860-79-0874,C,Naypyitaw,2019-02-15,14:53:00,Credit card
834-61-8124,A,Yangon,2019-01-26,18:22:00,Cash
115-99-4379,B,Mandalay,2019-03-14,19:02:00,Credit card
565-67-6697,B,Mandalay,2019-03-02,14:16:00,Cash
320-49-6392,C,Naypyitaw,2019-03-04,15:44:00,Cash
889-04-9723,B,Mandalay,2019-01-07,12:20:00,Credit card
632-90-0281,C,Naypyitaw,2019-03-08,20:01:00,Credit card
554-42-2417,C,Naypyitaw,2019-01-09,13:45:00,Cash
453-63-6187,B,Mandalay,2019-03-01,15:40:00,Ewallet
578-80-7669,B,Mandalay,2019-03-16,16:58:00,Cash
612-36-5536,A,Yangon,2019-02-17,11:12:00,Credit card
605-72-4132,C,Naypyitaw,2019-02-27,15:12:00,Cash
471-41-2823,C,Naypyitaw,2019-03-07,20:37:00,Ewallet
462-67-9126,A,Yangon,2019-01-21,17:44:00,Cash
272-27-9238,C,Naypyitaw,2019-02-19,16:23:00,Cash
834-25-9262,C,Naypyitaw,2019-01-06,12:12:00,Cash
122-61-9553,C,Naypyitaw,2019-03-14,19:33:00,Cash
468-88-0009,A,Yangon,2019-03-24,10:29:00,Cash
613-59-9758,C,Naypyitaw,2019-01-27,14:28:00,Cash
254-31-0042,A,Yangon,2019-03-06,12:46:00,Credit card
201-86-2184,B,Mandalay,2019-02-02,19:40:00,Cash
261-12-8671,B,Mandalay,2019-01-25,19:39:00,Credit card
730-70-9830,C,Naypyitaw,2019-03-14,17:54:00,Ewallet
382-25-8917,C,Naypyitaw,2019-01-29,12:25:00,Cash
422-29-8786,A,Yangon,2019-01-03,16:47:00,Credit card
667-23-5919,A,Yangon,2019-01-14,12:52:00,Ewallet
843-01-4703,B,Mandalay,2019-01-05,19:50:00,Credit card
743-88-1662,C,Naypyitaw,2019-02-22,18:17:00,Ewallet
595-86-2894,C,Naypyitaw,2019-02-06,17:20:00,Ewallet
182-69-8360,B,Mandalay,2019-01-30,13:32:00,Credit card
289-15-7034,A,Yangon,2019-01-11,10:37:00,Credit card
462-78-5240,C,Naypyitaw,2019-03-19,14:35:00,Cash
868-52-7573,B,Mandalay,2019-01-14,12:09:00,Cash
153-58-4872,C,Naypyitaw,2019-03-01,15:32:00,Ewallet
662-72-2873,A,Yangon,2019-01-06,13:58:00,Ewallet
525-88-7307,B,Mandalay,2019-01-31,13:19:00,Cash
689-16-9784,C,Naypyitaw,2019-03-11,13:37:00,Cash
725-56-0833,A,Yangon,2019-02-20,16:49:00,Credit card
394-41-0748,C,Naypyitaw,2019-01-27,14:55:00,Ewallet
596-42-3999,B,Mandalay,2019-03-10,14:04:00,Credit card
541-89-9860,C,Naypyitaw,2019-02-15,12:31:00,Cash
173-82-9529,B,Mandalay,2019-01-26,14:51:00,Cash
563-36-9814,A,Yangon,2019-02-13,18:27:00,Ewallet
308-47-4913,A,Yangon,2019-03-09,12:45:00,Credit card
885-17-6250,A,Yangon,2019-03-06,10:36:00,Ewallet
726-27-2396,A,Yangon,2019-01-24,20:36:00,Ewallet
316-01-3952,A,Yangon,2019-03-13,14:16:00,Ewallet
760-54-1821,B,Mandalay,2019-03-15,10:26:00,Cash
793-10-3222,B,Mandalay,2019-03-05,13:30:00,Credit card
346-12-3257,B,Mandalay,2019-03-04,16:28:00,Cash
110-05-6330,C,Naypyitaw,2019-03-25,20:18:00,Credit card
651-61-0874,C,Naypyitaw,2019-03-12,20:04:00,Credit card
236-86-3015,C,Naypyitaw,2019-02-04,13:38:00,Ewallet
831-64-0259,B,Mandalay,2019-02-22,10:43:00,Ewallet
587-03-7455,C,Naypyitaw,2019-02-16,17:30:00,Ewallet
882-40-4577,A,Yangon,2019-01-19,15:28:00,Credit card
732-67-5346,A,Yangon,2019-01-11,19:07:00,Credit card
725-32-9708,B,Mandalay,2019-01-04,19:01:00,Cash
256-08-8343,A,Yangon,2019-03-04,19:48:00,Ewallet
372-26-1506,C,Naypyitaw,2019-01-28,19:24:00,Ewallet
244-08-0162,B,Mandalay,2019-01-02,13:00:00,Cash
569-71-4390,B,Mandalay,2019-01-25,14:29:00,Ewallet
132-23-6451,A,Yangon,2019-01-04,13:21:00,Cash
696-90-2548,A,Yangon,2019-03-10,18:55:00,Ewallet
472-15-9636,A,Yangon,2019-03-22,19:36:00,Ewallet
268-03-6164,B,Mandalay,2019-01-25,16:28:00,Ewallet
750-57-9686,C,Naypyitaw,2019-01-08,13:48:00,Credit card
186-09-3669,C,Naypyitaw,2019-01-22,10:57:00,Ewallet
848-07-1692,B,Mandalay,2019-01-12,17:13:00,Ewallet
745-71-3520,A,Yangon,2019-02-04,10:23:00,Cash
266-76-6436,C,Naypyitaw,2019-03-28,13:57:00,Ewallet
740-22-2500,C,Naypyitaw,2019-01-23,13:29:00,Cash
271-88-8734,C,Naypyitaw,2019-02-08,13:00:00,Credit card
301-81-8610,B,Mandalay,2019-03-19,19:42:00,Credit card
489-64-4354,C,Naypyitaw,2019-03-09,15:36:00,Cash
198-84-7132,B,Mandalay,2019-01-02,13:40:00,Cash
269-10-8440,A,Yangon,2019-01-21,18:01:00,Cash
650-98-6268,B,Mandalay,2019-03-20,13:53:00,Credit card
741-73-3559,B,Mandalay,2019-02-27,17:27:00,Cash
325-77-6186,A,Yangon,2019-03-08,10:53:00,Ewallet
286-75-7818,B,Mandalay,2019-01-31,19:48:00,Credit card
574-57-9721,C,Naypyitaw,2019-03-08,16:53:00,Ewallet
459-50-7686,A,Yangon,2019-01-13,19:14:00,Ewallet
616-87-0016,B,Mandalay,2019-03-09,14:36:00,Credit card
837-55-7229,B,Mandalay,2019-02-22,18:19:00,Credit card
751-69-0068,C,Naypyitaw,2019-03-19,19:09:00,Ewallet
257-73-1380,C,Naypyitaw,2019-01-20,16:51:00,Ewallet
345-08-4992,A,Yangon,2019-03-08,15:37:00,Credit card
549-96-4200,C,Naypyitaw,2019-03-08,20:15:00,Ewallet
810-60-6344,C,Naypyitaw,2019-02-07,14:38:00,Credit card
450-28-2866,C,Naypyitaw,2019-01-15,19:25:00,Cash
394-30-3170,B,Mandalay,2019-03-22,19:35:00,Credit card
138-17-5109,A,Yangon,2019-01-15,15:42:00,Credit card
192-98-7397,C,Naypyitaw,2019-01-08,14:11:00,Ewallet
301-11-9629,A,Yangon,2019-01-15,10:43:00,Cash
390-80-5128,B,Mandalay,2019-01-28,17:58:00,Credit card
235-46-8343,C,Naypyitaw,2019-02-14,11:26:00,Credit card
453-12-7053,C,Naypyitaw,2019-03-10,17:38:00,Credit card
296-11-7041,B,Mandalay,2019-01-12,20:07:00,Credit card
449-27-2918,B,Mandalay,2019-03-26,11:02:00,Credit card
891-01-7034,B,Mandalay,2019-01-01,19:07:00,Cash
744-09-5786,B,Mandalay,2019-01-02,18:50:00,Cash
727-17-0390,A,Yangon,2019-03-16,12:43:00,Ewallet
568-88-3448,A,Yangon,2019-03-03,15:09:00,Ewallet
187-83-5490,A,Yangon,2019-01-31,13:47:00,Cash
767-54-1907,B,Mandalay,2019-02-13,16:59:00,Cash
710-46-4433,B,Mandalay,2019-02-15,14:15:00,Credit card
533-33-5337,B,Mandalay,2019-02-07,20:24:00,Cash
325-90-8763,C,Naypyitaw,2019-01-27,13:58:00,Cash
729-46-7422,C,Naypyitaw,2019-02-23,16:52:00,Credit card
639-76-1242,C,Naypyitaw,2019-02-03,15:19:00,Cash
234-03-4040,B,Mandalay,2019-03-03,12:25:00,Credit card
326-71-2155,C,Naypyitaw,2019-02-03,10:02:00,Cash
320-32-8842,C,Naypyitaw,2019-03-17,18:58:00,Cash
470-32-9057,A,Yangon,2019-03-28,15:31:00,Credit card
878-30-2331,C,Naypyitaw,2019-03-02,11:22:00,Credit card
440-59-5691,C,Naypyitaw,2019-02-08,13:12:00,Credit card
554-53-3790,B,Mandalay,2019-03-22,18:33:00,Cash
746-19-0921,C,Naypyitaw,2019-02-09,10:02:00,Ewallet
233-34-0817,C,Naypyitaw,2019-02-15,11:21:00,Cash
767-05-1286,C,Naypyitaw,2019-01-23,12:10:00,Ewallet
340-21-9136,A,Yangon,2019-01-25,11:40:00,Cash
405-31-3305,A,Yangon,2019-02-02,18:31:00,Credit card
731-59-7531,B,Mandalay,2019-03-30,17:58:00,Cash
676-39-6028,A,Yangon,2019-03-30,17:04:00,Cash
502-05-1910,A,Yangon,2019-02-25,20:35:00,Credit card
485-30-8700,A,Yangon,2019-03-18,16:10:00,Credit card
598-47-9715,C,Naypyitaw,2019-03-07,16:54:00,Ewallet
701-69-8742,B,Mandalay,2019-03-16,10:11:00,Ewallet
575-67-1508,A,Yangon,2019-01-29,11:26:00,Ewallet
541-08-3113,C,Naypyitaw,2019-02-02,20:29:00,Cash
246-11-3901,C,Naypyitaw,2019-02-15,12:12:00,Cash
674-15-9296,A,Yangon,2019-01-08,13:05:00,Ewallet
305-18-3552,B,Mandalay,2019-02-12,16:19:00,Cash
493-65-6248,C,Naypyitaw,2019-01-01,19:48:00,Credit card
438-01-4015,B,Mandalay,2019-03-21,15:25:00,Ewallet
709-58-4068,B,Mandalay,2019-02-28,14:42:00,Cash
795-49-7276,A,Yangon,2019-03-23,18:59:00,Ewallet
556-72-8512,C,Naypyitaw,2019-01-30,20:47:00,Cash
627-95-3243,B,Mandalay,2019-02-04,13:21:00,Ewallet
686-41-0932,B,Mandalay,2019-03-13,19:48:00,Ewallet
510-09-5628,A,Yangon,2019-03-15,18:20:00,Credit card
608-04-3797,B,Mandalay,2019-03-05,20:24:00,Ewallet
148-82-2527,C,Naypyitaw,2019-03-05,13:44:00,Credit card
437-53-3084,B,Mandalay,2019-02-26,11:48:00,Ewallet
632-32-4574,B,Mandalay,2019-03-20,14:14:00,Cash
556-97-7101,C,Naypyitaw,2019-01-01,15:51:00,Cash
862-59-8517,C,Naypyitaw,2019-01-27,11:17:00,Cash
401-18-8016,B,Mandalay,2019-01-21,17:36:00,Cash
420-18-8989,A,Yangon,2019-02-02,15:47:00,Cash
277-63-2961,B,Mandalay,2019-02-03,15:53:00,Credit card
573-98-8548,C,Naypyitaw,2019-01-05,12:40:00,Ewallet
620-02-2046,C,Naypyitaw,2019-01-27,19:48:00,Ewallet
282-35-2475,B,Mandalay,2019-03-25,17:53:00,Cash
511-54-3087,B,Mandalay,2019-02-25,16:36:00,Credit card
726-29-6793,A,Yangon,2019-01-28,20:54:00,Ewallet
387-49-4215,B,Mandalay,2019-01-08,12:50:00,Cash
862-17-9201,B,Mandalay,2019-01-29,10:48:00,Credit card
291-21-5991,B,Mandalay,2019-03-29,14:28:00,Cash
602-80-9671,C,Naypyitaw,2019-02-09,17:15:00,Credit card
347-72-6115,B,Mandalay,2019-01-16,18:03:00,Credit card
209-61-0206,A,Yangon,2019-01-05,17:29:00,Ewallet
595-27-4851,A,Yangon,2019-01-27,18:05:00,Ewallet
189-52-0236,A,Yangon,2019-03-14,12:07:00,Cash
503-07-0930,C,Naypyitaw,2019-02-23,19:49:00,Credit card
413-20-6708,C,Naypyitaw,2019-03-18,15:52:00,Ewallet
425-85-2085,B,Mandalay,2019-03-29,16:48:00,Ewallet
521-18-7827,C,Naypyitaw,2019-01-22,20:46:00,Credit card
220-28-1851,A,Yangon,2019-03-01,18:14:00,Ewallet
600-38-9738,C,Naypyitaw,2019-01-17,15:05:00,Credit card
734-91-1155,B,Mandalay,2019-03-26,10:34:00,Credit card
451-28-5717,C,Naypyitaw,2019-03-20,11:23:00,Cash
609-81-8548,A,Yangon,2019-02-06,13:55:00,Credit card
133-14-7229,C,Naypyitaw,2019-01-01,11:43:00,Cash
534-01-4457,A,Yangon,2019-01-27,14:36:00,Credit card
719-89-8991,A,Yangon,2019-02-25,16:03:00,Ewallet
286-62-6248,B,Mandalay,2019-01-16,20:03:00,Credit card
339-38-9982,B,Mandalay,2019-01-13,14:55:00,Ewallet
827-44-5872,B,Mandalay,2019-02-07,11:28:00,Credit card
827-77-7633,A,Yangon,2019-02-17,19:41:00,Cash
287-83-1405,A,Yangon,2019-02-12,19:01:00,Ewallet
435-13-4908,A,Yangon,2019-01-24,18:04:00,Credit card
857-67-9057,B,Mandalay,2019-02-06,19:20:00,Ewallet
236-27-1144,C,Naypyitaw,2019-03-26,10:31:00,Ewallet
892-05-6689,A,Yangon,2019-03-11,13:28:00,Ewallet
583-41-4548,C,Naypyitaw,2019-02-07,11:36:00,Ewallet
339-12-4827,B,Mandalay,2019-01-05,11:32:00,Credit card
643-38-7867,A,Yangon,2019-03-07,11:44:00,Ewallet
308-81-0538,A,Yangon,2019-02-25,17:16:00,Credit card
358-88-9262,C,Naypyitaw,2019-02-01,18:43:00,Ewallet
460-35-4390,A,Yangon,2019-01-22,11:00:00,Ewallet
343-87-0864,C,Naypyitaw,2019-01-03,10:30:00,Credit card
173-50-1108,B,Mandalay,2019-02-13,12:14:00,Credit card
243-47-2663,C,Naypyitaw,2019-01-28,16:43:00,Credit card
841-18-8232,B,Mandalay,2019-01-05,20:40:00,Credit card
701-23-5550,B,Mandalay,2019-03-19,13:40:00,Ewallet
647-50-1224,A,Yangon,2019-01-12,16:23:00,Ewallet
541-48-8554,A,Yangon,2019-01-07,12:08:00,Credit card
539-21-7227,B,Mandalay,2019-01-26,17:45:00,Cash
213-32-1216,A,Yangon,2019-01-23,10:28:00,Cash
747-58-7183,B,Mandalay,2019-02-09,20:31:00,Ewallet
582-52-8065,B,Mandalay,2019-02-22,10:49:00,Cash
210-57-1719,B,Mandalay,2019-02-05,12:34:00,Cash
399-69-4630,C,Naypyitaw,2019-03-07,10:23:00,Credit card
134-75-2619,A,Yangon,2019-03-25,18:51:00,Cash
356-44-8813,B,Mandalay,2019-01-20,13:45:00,Credit card
198-66-9832,B,Mandalay,2019-02-04,19:38:00,Cash
283-26-5248,C,Naypyitaw,2019-01-30,20:23:00,Ewallet
712-39-0363,A,Yangon,2019-01-02,15:24:00,Ewallet
218-59-9410,A,Yangon,2019-03-29,16:54:00,Ewallet
174-75-0888,B,Mandalay,2019-03-14,12:32:00,Cash
866-99-7614,C,Naypyitaw,2019-02-11,15:42:00,Credit card
134-54-4720,B,Mandalay,2019-01-30,13:58:00,Ewallet
760-90-2357,A,Yangon,2019-03-20,15:08:00,Ewallet
514-37-2845,B,Mandalay,2019-03-20,13:02:00,Cash
698-98-5964,A,Yangon,2019-01-17,13:01:00,Credit card
718-57-9773,C,Naypyitaw,2019-02-03,16:40:00,Credit card
651-88-7328,A,Yangon,2019-01-01,13:55:00,Cash
241-11-2261,B,Mandalay,2019-01-10,10:33:00,Credit card
408-26-9866,C,Naypyitaw,2019-03-02,16:42:00,Ewallet
834-83-1826,B,Mandalay,2019-02-25,17:16:00,Credit card
343-61-3544,B,Mandalay,2019-01-29,11:48:00,Cash
239-48-4278,A,Yangon,2019-03-10,19:35:00,Ewallet
355-34-6244,B,Mandalay,2019-01-13,19:55:00,Credit card
550-84-8664,A,Yangon,2019-03-22,14:33:00,Credit card
339-96-8318,B,Mandalay,2019-03-01,19:49:00,Ewallet
458-61-0011,B,Mandalay,2019-02-20,18:43:00,Cash
592-34-6155,C,Naypyitaw,2019-01-14,14:43:00,Ewallet
797-88-0493,A,Yangon,2019-03-26,13:54:00,Cash
207-73-1363,B,Mandalay,2019-03-01,12:15:00,Ewallet
390-31-6381,C,Naypyitaw,2019-01-07,12:37:00,Cash
443-82-0585,A,Yangon,2019-02-01,19:54:00,Cash
339-18-7061,C,Naypyitaw,2019-02-13,15:06:00,Credit card
359-90-3665,B,Mandalay,2019-01-14,18:03:00,Credit card
375-72-3056,B,Mandalay,2019-01-19,15:58:00,Ewallet
127-47-6963,A,Yangon,2019-03-09,13:53:00,Credit card
278-86-2735,A,Yangon,2019-03-27,14:03:00,Cash
695-28-6250,A,Yangon,2019-02-04,16:38:00,Ewallet
379-17-6588,C,Naypyitaw,2019-03-14,11:07:00,Cash
227-50-3718,A,Yangon,2019-03-04,12:23:00,Cash
302-15-2162,C,Naypyitaw,2019-03-03,10:54:00,Credit card
788-07-8452,C,Naypyitaw,2019-01-27,17:38:00,Ewallet
560-49-6611,A,Yangon,2019-02-07,14:13:00,Cash
880-35-0356,A,Yangon,2019-02-05,11:51:00,Ewallet
585-11-6748,B,Mandalay,2019-03-15,13:05:00,Cash
470-31-3286,B,Mandalay,2019-03-01,11:30:00,Credit card
152-68-2907,A,Yangon,2019-02-15,13:30:00,Credit card
123-35-4896,C,Naypyitaw,2019-02-17,19:11:00,Ewallet
258-69-7810,C,Naypyitaw,2019-01-26,18:53:00,Cash
334-64-2006,A,Yangon,2019-03-24,14:22:00,Ewallet
219-61-4139,C,Naypyitaw,2019-01-23,17:16:00,Ewallet
881-41-7302,C,Naypyitaw,2019-01-26,10:06:00,Credit card
373-09-4567,C,Naypyitaw,2019-03-14,20:35:00,Ewallet
642-30-6693,B,Mandalay,2019-03-17,13:54:00,Ewallet
484-22-8230,C,Naypyitaw,2019-01-08,20:08:00,Cash
830-58-2383,B,Mandalay,2019-02-08,15:26:00,Cash
559-98-9873,A,Yangon,2019-02-10,12:56:00,Ewallet
544-32-5024,C,Naypyitaw,2019-03-28,19:16:00,Credit card
318-12-0304,A,Yangon,2019-01-23,12:20:00,Ewallet
349-97-8902,B,Mandalay,2019-01-17,10:37:00,Ewallet
421-95-9805,A,Yangon,2019-02-07,10:18:00,Credit card
277-35-5865,C,Naypyitaw,2019-03-09,11:23:00,Cash
789-23-8625,B,Mandalay,2019-01-24,11:45:00,Cash
284-54-4231,C,Naypyitaw,2019-01-19,16:08:00,Credit card
443-59-0061,A,Yangon,2019-02-03,11:25:00,Ewallet
509-29-3912,A,Yangon,2019-03-20,12:24:00,Ewallet
327-40-9673,B,Mandalay,2019-01-13,19:51:00,Cash
840-19-2096,C,Naypyitaw,2019-03-14,18:10:00,Ewallet
828-46-6863,A,Yangon,2019-01-23,11:22:00,Credit card
641-96-3695,C,Naypyitaw,2019-02-07,17:55:00,Ewallet
420-97-3340,A,Yangon,2019-03-28,15:30:00,Credit card
436-54-4512,A,Yangon,2019-03-20,19:44:00,Cash
670-79-6321,B,Mandalay,2019-01-17,15:27:00,Credit card
852-62-7105,B,Mandalay,2019-01-12,11:25:00,Credit card
598-06-7312,B,Mandalay,2019-02-16,15:42:00,Cash
135-13-8269,B,Mandalay,2019-01-26,16:04:00,Cash
816-57-2053,A,Yangon,2019-03-09,12:37:00,Ewallet
628-90-8624,B,Mandalay,2019-03-14,14:41:00,Cash
856-66-2701,A,Yangon,2019-01-25,14:19:00,Ewallet
308-39-1707,A,Yangon,2019-01-26,18:19:00,Credit card
149-61-1929,A,Yangon,2019-01-19,14:08:00,Credit card
655-07-2265,A,Yangon,2019-03-05,16:38:00,Ewallet
589-02-8023,A,Yangon,2019-01-15,10:54:00,Credit card
420-04-7590,B,Mandalay,2019-03-18,11:29:00,Ewallet
182-88-2763,B,Mandalay,2019-03-20,19:28:00,Credit card
188-55-0967,B,Mandalay,2019-01-15,15:01:00,Credit card
610-46-4100,A,Yangon,2019-03-03,20:31:00,Credit card
318-81-2368,C,Naypyitaw,2019-03-19,12:16:00,Cash
364-33-8584,B,Mandalay,2019-03-08,15:27:00,Cash
665-63-9737,B,Mandalay,2019-02-27,17:36:00,Ewallet
695-09-5146,B,Mandalay,2019-02-23,20:00:00,Ewallet
155-45-3814,C,Naypyitaw,2019-03-19,15:29:00,Ewallet
794-32-2436,B,Mandalay,2019-03-27,15:08:00,Ewallet
131-15-8856,C,Naypyitaw,2019-03-30,19:26:00,Credit card
273-84-2164,C,Naypyitaw,2019-02-16,15:53:00,Ewallet
706-36-6154,A,Yangon,2019-01-18,18:43:00,Ewallet
778-89-7974,C,Naypyitaw,2019-03-30,14:58:00,Cash
574-31-8277,B,Mandalay,2019-03-20,19:55:00,Cash
859-71-0933,C,Naypyitaw,2019-01-16,15:10:00,Cash
740-11-5257,C,Naypyitaw,2019-02-24,16:44:00,Cash
369-82-2676,B,Mandalay,2019-01-15,18:22:00,Ewallet
563-47-4072,B,Mandalay,2019-01-22,11:52:00,Cash
742-04-5161,A,Yangon,2019-02-03,17:24:00,Cash
149-15-7606,B,Mandalay,2019-03-06,15:31:00,Ewallet
133-77-3154,B,Mandalay,2019-02-16,18:04:00,Credit card
169-52-4504,A,Yangon,2019-03-14,14:13:00,Credit card
250-81-7186,C,Naypyitaw,2019-02-27,10:23:00,Credit card
562-12-5430,A,Yangon,2019-01-18,10:11:00,Ewallet
816-72-8853,A,Yangon,2019-01-29,15:48:00,Cash
491-38-3499,A,Yangon,2019-02-26,17:46:00,Credit card
322-02-2271,B,Mandalay,2019-02-03,11:46:00,Cash
842-29-4695,C,Naypyitaw,2019-01-16,12:07:00,Credit card
725-67-2480,B,Mandalay,2019-03-24,18:14:00,Credit card
641-51-2661,C,Naypyitaw,2019-02-12,14:45:00,Credit card
714-02-3114,C,Naypyitaw,2019-02-21,11:39:00,Cash
518-17-2983,A,Yangon,2019-02-04,15:44:00,Ewallet
779-42-2410,B,Mandalay,2019-02-20,13:06:00,Ewallet
190-14-3147,B,Mandalay,2019-02-23,20:43:00,Ewallet
408-66-6712,C,Naypyitaw,2019-02-16,14:19:00,Ewallet
679-22-6530,B,Mandalay,2019-01-17,10:01:00,Credit card
588-47-8641,A,Yangon,2019-01-14,19:30:00,Ewallet
642-61-4706,B,Mandalay,2019-03-30,16:34:00,Cash
576-31-4774,B,Mandalay,2019-03-02,13:10:00,Ewallet
556-41-6224,C,Naypyitaw,2019-02-15,17:10:00,Credit card
811-03-8790,A,Yangon,2019-03-01,10:22:00,Credit card
242-11-3142,B,Mandalay,2019-02-24,19:57:00,Cash
752-23-3760,B,Mandalay,2019-02-19,19:29:00,Credit card
274-05-5470,A,Yangon,2019-02-23,18:30:00,Cash
648-94-3045,C,Naypyitaw,2019-02-07,14:27:00,Ewallet
130-67-4723,A,Yangon,2019-01-11,13:57:00,Ewallet
528-87-5606,B,Mandalay,2019-02-12,19:43:00,Cash
320-85-2052,B,Mandalay,2019-01-14,10:11:00,Credit card
370-96-0655,C,Naypyitaw,2019-01-09,13:46:00,Ewallet
105-10-6182,A,Yangon,2019-02-27,12:22:00,Ewallet
510-79-0415,B,Mandalay,2019-01-24,19:20:00,Ewallet
241-96-5076,B,Mandalay,2019-01-08,12:58:00,Credit card
767-97-4650,B,Mandalay,2019-01-08,11:59:00,Credit card
648-83-1321,A,Yangon,2019-01-16,17:59:00,Cash
173-57-2300,C,Naypyitaw,2019-03-13,12:51:00,Cash
305-03-2383,A,Yangon,2019-02-15,10:36:00,Cash
394-55-6384,C,Naypyitaw,2019-01-25,13:38:00,Cash
266-20-6657,C,Naypyitaw,2019-03-12,19:39:00,Ewallet
689-05-1884,A,Yangon,2019-03-04,12:44:00,Cash
196-01-2849,C,Naypyitaw,2019-02-10,13:56:00,Cash
372-62-5264,C,Naypyitaw,2019-01-16,14:42:00,Cash
800-09-8606,A,Yangon,2019-01-29,19:45:00,Cash
182-52-7000,A,Yangon,2019-01-01,20:26:00,Ewallet
826-58-8051,B,Mandalay,2019-01-06,19:46:00,Ewallet
868-06-0466,A,Yangon,2019-02-19,19:38:00,Credit card
751-41-9720,C,Naypyitaw,2019-01-12,16:18:00,Ewallet
626-43-7888,C,Naypyitaw,2019-02-07,12:23:00,Ewallet
176-64-7711,B,Mandalay,2019-03-27,19:11:00,Credit card
191-29-0321,B,Mandalay,2019-02-27,18:57:00,Credit card
729-06-2010,B,Mandalay,2019-01-06,11:18:00,Cash
640-48-5028,B,Mandalay,2019-03-02,12:40:00,Cash
186-79-9562,B,Mandalay,2019-03-29,14:06:00,Cash
834-45-5519,B,Mandalay,2019-01-31,20:48:00,Ewallet
162-65-8559,C,Naypyitaw,2019-01-21,20:13:00,Cash
760-27-5490,C,Naypyitaw,2019-01-20,20:37:00,Ewallet
445-30-9252,A,Yangon,2019-01-17,17:59:00,Ewallet
786-94-2700,A,Yangon,2019-02-28,20:18:00,Cash
728-88-7867,C,Naypyitaw,2019-03-19,15:52:00,Ewallet
183-21-3799,C,Naypyitaw,2019-02-19,15:14:00,Ewallet
268-20-3585,C,Naypyitaw,2019-02-04,12:50:00,Ewallet
735-32-9839,C,Naypyitaw,2019-01-31,10:36:00,Ewallet
258-92-7466,A,Yangon,2019-02-06,18:33:00,Credit card
857-16-3520,A,Yangon,2019-03-28,16:06:00,Ewallet
482-17-1179,A,Yangon,2019-01-19,12:47:00,Credit card
788-21-5741,A,Yangon,2019-02-17,13:34:00,Credit card
821-14-9046,B,Mandalay,2019-01-18,15:04:00,Credit card
418-05-0656,B,Mandalay,2019-02-02,20:42:00,Cash
678-79-0726,C,Naypyitaw,2019-01-18,15:28:00,Cash
776-68-1096,B,Mandalay,2019-03-18,13:45:00,Credit card
592-46-1692,C,Naypyitaw,2019-01-11,20:10:00,Cash
434-35-9162,B,Mandalay,2019-02-04,18:53:00,Ewallet
149-14-0304,C,Naypyitaw,2019-02-06,14:24:00,Cash
442-44-6497,C,Naypyitaw,2019-01-08,11:42:00,Credit card
174-64-0215,B,Mandalay,2019-03-05,17:49:00,Credit card
210-74-9613,C,Naypyitaw,2019-03-16,15:33:00,Ewallet
299-29-0180,B,Mandalay,2019-03-09,10:54:00,Cash
247-11-2470,A,Yangon,2019-03-01,16:23:00,Credit card
635-28-5728,A,Yangon,2019-02-28,19:33:00,Ewallet
756-49-0168,A,Yangon,2019-02-08,11:39:00,Ewallet
438-23-1242,B,Mandalay,2019-01-24,10:38:00,Ewallet
238-45-6950,B,Mandalay,2019-03-01,20:03:00,Ewallet
607-65-2441,C,Naypyitaw,2019-03-10,12:39:00,Credit card
386-27-7606,C,Naypyitaw,2019-03-23,15:59:00,Credit card
137-63-5492,C,Naypyitaw,2019-01-29,14:26:00,Ewallet
197-77-7132,B,Mandalay,2019-01-12,18:22:00,Ewallet
805-86-0265,A,Yangon,2019-03-20,11:32:00,Cash
733-29-1227,C,Naypyitaw,2019-03-23,12:41:00,Cash
451-73-2711,C,Naypyitaw,2019-01-14,15:20:00,Ewallet
373-14-0504,A,Yangon,2019-02-12,14:33:00,Ewallet
546-80-2899,A,Yangon,2019-02-20,15:29:00,Ewallet
345-68-9016,C,Naypyitaw,2019-01-02,16:19:00,Credit card
390-17-5806,C,Naypyitaw,2019-02-02,16:33:00,Cash
457-13-1708,B,Mandalay,2019-01-08,19:07:00,Credit card
664-14-2882,C,Naypyitaw,2019-01-30,14:43:00,Credit card
487-79-6868,B,Mandalay,2019-03-26,19:28:00,Credit card
314-23-4520,C,Naypyitaw,2019-01-15,20:44:00,Cash
210-30-7976,B,Mandalay,2019-03-14,11:16:00,Ewallet
585-86-8361,A,Yangon,2019-02-03,10:31:00,Credit card
807-14-7833,A,Yangon,2019-02-22,12:30:00,Ewallet
775-72-1988,B,Mandalay,2019-01-24,15:05:00,Ewallet
288-38-3758,C,Naypyitaw,2019-01-25,18:30:00,Ewallet
652-43-6591,A,Yangon,2019-03-09,13:18:00,Credit card
785-96-0615,B,Mandalay,2019-02-17,15:28:00,Ewallet
406-46-7107,A,Yangon,2019-01-11,11:52:00,Cash
250-17-5703,A,Yangon,2019-02-27,18:24:00,Ewallet
156-95-3964,A,Yangon,2019-03-25,15:19:00,Ewallet
842-40-8179,B,Mandalay,2019-02-11,10:38:00,Credit card
525-09-8450,B,Mandalay,2019-01-31,15:12:00,Credit card
410-67-1709,A,Yangon,2019-01-20,17:48:00,Ewallet
587-73-4862,A,Yangon,2019-03-26,11:07:00,Ewallet
787-87-2010,A,Yangon,2019-01-20,15:48:00,Credit card
593-14-4239,B,Mandalay,2019-03-05,19:40:00,Ewallet
801-88-0346,C,Naypyitaw,2019-01-05,20:30:00,Credit card
388-76-2555,B,Mandalay,2019-02-13,13:59:00,Cash
711-31-1234,B,Mandalay,2019-03-16,18:51:00,Cash
886-54-6089,A,Yangon,2019-01-15,17:24:00,Cash
707-32-7409,B,Mandalay,2019-02-26,11:58:00,Ewallet
759-98-4285,C,Naypyitaw,2019-02-27,19:01:00,Credit card
201-63-8275,C,Naypyitaw,2019-02-17,16:50:00,Ewallet
471-06-8611,C,Naypyitaw,2019-02-06,10:22:00,Credit card
200-16-5952,C,Naypyitaw,2019-01-17,16:46:00,Cash
120-54-2248,B,Mandalay,2019-01-22,18:08:00,Credit card
102-77-2261,C,Naypyitaw,2019-03-05,18:02:00,Credit card
875-31-8302,B,Mandalay,2019-01-03,13:07:00,Cash
102-06-2002,C,Naypyitaw,2019-03-20,17:52:00,Cash
457-94-0464,B,Mandalay,2019-01-31,20:32:00,Ewallet
629-42-4133,C,Naypyitaw,2019-02-19,19:24:00,Cash
534-53-3526,A,Yangon,2019-02-11,16:06:00,Ewallet
307-04-2070,A,Yangon,2019-02-05,14:14:00,Credit card
468-99-7231,C,Naypyitaw,2019-03-03,17:36:00,Cash
516-77-6464,C,Naypyitaw,2019-02-24,13:08:00,Ewallet
404-91-5964,A,Yangon,2019-02-04,16:09:00,Credit card
886-77-9084,C,Naypyitaw,2019-02-19,11:33:00,Ewallet
790-38-4466,C,Naypyitaw,2019-01-23,10:18:00,Credit card
704-10-4056,C,Naypyitaw,2019-01-14,10:55:00,Credit card
497-37-6538,A,Yangon,2019-01-17,15:15:00,Ewallet
651-96-5970,A,Yangon,2019-03-03,20:06:00,Credit card
400-80-4065,C,Naypyitaw,2019-02-15,20:21:00,Credit card
744-16-7898,B,Mandalay,2019-01-15,13:48:00,Credit card
263-12-5321,A,Yangon,2019-02-27,12:52:00,Credit card
702-72-0487,A,Yangon,2019-02-26,12:28:00,Credit card
605-83-1050,B,Mandalay,2019-03-15,16:26:00,Ewallet
443-60-9639,C,Naypyitaw,2019-01-24,13:24:00,Cash
864-24-7918,A,Yangon,2019-02-22,15:15:00,Cash
359-94-5395,B,Mandalay,2019-03-15,10:50:00,Credit card
401-09-4232,C,Naypyitaw,2019-02-11,18:38:00,Ewallet
751-15-6198,B,Mandalay,2019-01-12,16:45:00,Ewallet
324-41-6833,C,Naypyitaw,2019-03-03,19:30:00,Ewallet
474-33-8305,C,Naypyitaw,2019-03-23,13:23:00,Ewallet
759-29-9521,A,Yangon,2019-03-04,11:27:00,Cash
831-81-6575,B,Mandalay,2019-02-23,11:12:00,Cash
220-68-6701,A,Yangon,2019-03-17,16:36:00,Cash
618-34-8551,A,Yangon,2019-01-16,18:41:00,Credit card
257-60-7754,A,Yangon,2019-01-08,17:12:00,Cash
559-61-5987,B,Mandalay,2019-01-14,10:38:00,Cash
189-55-2313,C,Naypyitaw,2019-01-31,10:33:00,Ewallet
565-91-4567,B,Mandalay,2019-03-15,14:38:00,Ewallet
380-60-5336,A,Yangon,2019-02-24,18:06:00,Credit card
815-04-6282,C,Naypyitaw,2019-02-08,12:52:00,Credit card
674-56-6360,A,Yangon,2019-03-22,14:00:00,Cash
778-34-2523,A,Yangon,2019-01-24,10:57:00,Cash
499-27-7781,B,Mandalay,2019-03-14,16:45:00,Ewallet
477-59-2456,C,Naypyitaw,2019-01-23,11:15:00,Cash
832-51-6761,A,Yangon,2019-01-19,20:29:00,Ewallet
869-11-3082,B,Mandalay,2019-01-27,20:03:00,Credit card
190-59-3964,B,Mandalay,2019-02-03,14:35:00,Credit card
366-43-6862,B,Mandalay,2019-03-25,16:32:00,Ewallet
186-43-8965,A,Yangon,2019-02-24,10:10:00,Credit card
784-21-9238,C,Naypyitaw,2019-02-07,14:15:00,Cash
276-75-6884,A,Yangon,2019-03-04,10:05:00,Cash
109-86-4363,B,Mandalay,2019-02-14,11:36:00,Credit card
569-76-2760,A,Yangon,2019-01-29,18:15:00,Credit card
222-42-0244,B,Mandalay,2019-01-28,13:53:00,Credit card
760-53-9233,A,Yangon,2019-03-26,18:37:00,Credit card
538-22-0304,C,Naypyitaw,2019-03-24,18:27:00,Cash
416-17-9926,A,Yangon,2019-01-01,14:42:00,Credit card
237-44-6163,A,Yangon,2019-01-24,17:43:00,Cash
636-17-0325,B,Mandalay,2019-02-25,18:37:00,Cash
343-75-9322,B,Mandalay,2019-01-09,16:34:00,Cash
528-14-9470,A,Yangon,2019-02-14,14:42:00,Ewallet
427-45-9297,B,Mandalay,2019-03-12,11:01:00,Ewallet
807-34-3742,A,Yangon,2019-03-26,19:44:00,Cash
288-62-1085,A,Yangon,2019-01-09,13:34:00,Ewallet
670-71-7306,B,Mandalay,2019-01-02,20:08:00,Credit card
660-29-7083,C,Naypyitaw,2019-01-15,15:01:00,Cash
271-77-8740,C,Naypyitaw,2019-01-01,11:40:00,Ewallet
497-36-0989,A,Yangon,2019-02-15,15:21:00,Cash
291-59-1384,B,Mandalay,2019-02-28,17:38:00,Cash
860-73-6466,A,Yangon,2019-03-02,16:16:00,Credit card
549-23-9016,C,Naypyitaw,2019-02-13,18:15:00,Credit card
896-34-0956,A,Yangon,2019-01-26,12:43:00,Cash
804-38-3935,A,Yangon,2019-01-30,11:32:00,Credit card
585-90-0249,A,Yangon,2019-01-27,18:08:00,Ewallet
862-29-5914,C,Naypyitaw,2019-01-30,17:08:00,Credit card
845-94-6841,C,Naypyitaw,2019-01-08,19:38:00,Cash
125-45-2293,A,Yangon,2019-01-19,13:11:00,Cash
843-73-4724,A,Yangon,2019-01-25,11:05:00,Cash
409-33-9708,A,Yangon,2019-02-19,10:12:00,Ewallet
658-66-3967,C,Naypyitaw,2019-01-14,15:42:00,Ewallet
866-70-2814,B,Mandalay,2019-02-25,11:58:00,Ewallet
160-22-2687,A,Yangon,2019-01-23,14:21:00,Ewallet
895-03-6665,B,Mandalay,2019-02-16,10:52:00,Cash
770-42-8960,B,Mandalay,2019-01-01,19:31:00,Cash
748-45-2862,A,Yangon,2019-03-07,18:35:00,Cash
234-36-2483,B,Mandalay,2019-02-15,13:51:00,Cash
316-66-3011,A,Yangon,2019-01-23,12:35:00,Cash
848-95-6252,C,Naypyitaw,2019-02-20,13:24:00,Ewallet
840-76-5966,A,Yangon,2019-01-08,18:06:00,Ewallet
152-03-4217,B,Mandalay,2019-03-17,11:55:00,Credit card
533-66-5566,B,Mandalay,2019-01-12,11:42:00,Cash
124-31-1458,A,Yangon,2019-01-08,14:30:00,Cash
176-78-1170,C,Naypyitaw,2019-01-26,15:11:00,Ewallet
361-59-0574,B,Mandalay,2019-03-15,14:48:00,Credit card
101-81-4070,C,Naypyitaw,2019-01-17,12:36:00,Ewallet
631-34-1880,C,Naypyitaw,2019-01-08,19:09:00,Credit card
852-82-2749,A,Yangon,2019-01-06,13:35:00,Ewallet
873-14-6353,A,Yangon,2019-02-16,10:33:00,Credit card
584-66-4073,C,Naypyitaw,2019-03-13,15:45:00,Ewallet
544-55-9589,B,Mandalay,2019-01-28,11:51:00,Cash
166-19-2553,A,Yangon,2019-01-18,17:26:00,Cash
737-88-5876,A,Yangon,2019-03-19,11:52:00,Credit card
154-87-7367,C,Naypyitaw,2019-03-15,14:04:00,Ewallet
885-56-0389,C,Naypyitaw,2019-02-12,17:49:00,Cash
608-05-3804,B,Mandalay,2019-02-25,20:19:00,Cash
448-61-3783,A,Yangon,2019-03-21,16:08:00,Credit card
761-49-0439,B,Mandalay,2019-01-19,10:17:00,Ewallet
490-95-0021,B,Mandalay,2019-01-08,14:25:00,Ewallet
115-38-7388,C,Naypyitaw,2019-03-30,12:51:00,Credit card
311-13-6971,B,Mandalay,2019-02-20,15:18:00,Credit card
291-55-6563,A,Yangon,2019-03-30,12:45:00,Ewallet
548-48-3156,A,Yangon,2019-03-19,13:37:00,Cash
460-93-5834,A,Yangon,2019-01-13,10:03:00,Cash
325-89-4209,A,Yangon,2019-02-05,19:42:00,Ewallet
884-80-6021,A,Yangon,2019-03-23,13:14:00,Ewallet
137-74-8729,C,Naypyitaw,2019-03-13,12:47:00,Ewallet
880-46-5796,A,Yangon,2019-03-17,19:53:00,Ewallet
389-70-2397,C,Naypyitaw,2019-02-21,10:26:00,Cash
114-35-5271,B,Mandalay,2019-02-07,15:06:00,Cash
607-76-6216,C,Naypyitaw,2019-03-02,16:35:00,Credit card
715-20-1673,B,Mandalay,2019-03-06,20:57:00,Cash
811-35-1094,B,Mandalay,2019-02-06,15:16:00,Credit card
699-88-1972,B,Mandalay,2019-01-28,17:47:00,Credit card
781-84-8059,C,Naypyitaw,2019-01-18,16:23:00,Ewallet
409-49-6995,C,Naypyitaw,2019-02-05,10:17:00,Cash
725-54-0677,C,Naypyitaw,2019-03-02,13:50:00,Cash
146-09-5432,A,Yangon,2019-02-09,19:17:00,Ewallet
377-79-7592,C,Naypyitaw,2019-01-14,14:00:00,Credit card
509-10-0516,B,Mandalay,2019-02-09,12:02:00,Ewallet
595-94-9924,A,Yangon,2019-03-26,20:21:00,Credit card
865-41-9075,A,Yangon,2019-01-28,17:35:00,Cash
545-07-8534,C,Naypyitaw,2019-02-14,12:42:00,Ewallet
118-62-1812,C,Naypyitaw,2019-03-24,17:56:00,Cash
450-42-3339,C,Naypyitaw,2019-02-09,18:58:00,Credit card
851-98-3555,B,Mandalay,2019-03-24,14:08:00,Credit card
186-71-5196,A,Yangon,2019-03-27,16:30:00,Ewallet
624-01-8356,B,Mandalay,2019-01-27,10:44:00,Credit card
313-66-9943,B,Mandalay,2019-03-27,20:29:00,Credit card
151-27-8496,C,Naypyitaw,2019-01-19,11:43:00,Ewallet
453-33-6436,A,Yangon,2019-02-07,10:09:00,Cash
522-57-8364,A,Yangon,2019-01-31,10:00:00,Ewallet
459-45-2396,A,Yangon,2019-02-25,18:45:00,Cash
717-96-4189,C,Naypyitaw,2019-02-02,12:40:00,Cash
722-13-2115,C,Naypyitaw,2019-03-14,15:36:00,Credit card
749-81-8133,A,Yangon,2019-03-11,12:04:00,Cash
777-67-2495,B,Mandalay,2019-02-22,11:26:00,Ewallet
636-98-3364,B,Mandalay,2019-03-02,12:36:00,Ewallet
246-55-6923,C,Naypyitaw,2019-03-10,15:06:00,Credit card
181-82-6255,B,Mandalay,2019-02-08,10:58:00,Cash
838-02-1821,C,Naypyitaw,2019-02-22,12:10:00,Credit card
887-42-0517,C,Naypyitaw,2019-01-10,10:31:00,Credit card
457-12-0244,C,Naypyitaw,2019-03-14,13:49:00,Ewallet
226-34-0034,B,Mandalay,2019-01-10,11:10:00,Ewallet
321-49-7382,B,Mandalay,2019-02-15,17:38:00,Credit card
397-25-8725,A,Yangon,2019-01-13,17:54:00,Credit card
431-66-2305,B,Mandalay,2019-02-15,20:51:00,Credit card
825-94-5922,B,Mandalay,2019-03-02,19:26:00,Ewallet
641-62-7288,B,Mandalay,2019-03-24,13:33:00,Ewallet
756-93-1854,C,Naypyitaw,2019-02-02,14:05:00,Credit card
243-55-8457,A,Yangon,2019-02-27,11:40:00,Ewallet
458-10-8612,C,Naypyitaw,2019-01-20,12:27:00,Ewallet
501-61-1753,B,Mandalay,2019-01-03,20:24:00,Ewallet
235-06-8510,C,Naypyitaw,2019-01-24,20:59:00,Ewallet
433-08-7822,C,Naypyitaw,2019-01-05,19:48:00,Ewallet
361-85-2571,A,Yangon,2019-03-30,10:18:00,Cash
131-70-8179,A,Yangon,2019-02-17,16:27:00,Cash
500-02-2261,C,Naypyitaw,2019-03-21,17:04:00,Ewallet
720-72-2436,A,Yangon,2019-03-02,18:14:00,Ewallet
702-83-5291,C,Naypyitaw,2019-03-27,10:43:00,Cash
809-69-9497,A,Yangon,2019-01-19,19:30:00,Ewallet
449-16-6770,A,Yangon,2019-02-19,14:53:00,Credit card
333-23-2632,A,Yangon,2019-03-28,20:14:00,Cash
489-82-1237,A,Yangon,2019-01-05,11:51:00,Credit card
859-97-6048,C,Naypyitaw,2019-03-26,14:13:00,Credit card
676-10-2200,B,Mandalay,2019-02-03,20:13:00,Ewallet
373-88-1424,C,Naypyitaw,2019-02-06,18:44:00,Ewallet
365-16-4334,B,Mandalay,2019-02-24,14:26:00,Ewallet
503-21-4385,B,Mandalay,2019-02-21,12:40:00,Ewallet
305-89-2768,B,Mandalay,2019-01-09,18:43:00,Ewallet
574-80-1489,B,Mandalay,2019-02-25,13:22:00,Ewallet
784-08-0310,C,Naypyitaw,2019-01-13,13:58:00,Cash
200-40-6154,B,Mandalay,2019-02-09,11:45:00,Cash
846-10-0341,A,Yangon,2019-01-06,11:51:00,Cash
577-34-7579,C,Naypyitaw,2019-01-10,17:16:00,Cash
430-02-3888,B,Mandalay,2019-02-07,15:55:00,Cash
867-47-1948,C,Naypyitaw,2019-01-09,12:07:00,Cash
384-59-6655,A,Yangon,2019-02-19,15:07:00,Cash
256-58-3609,C,Naypyitaw,2019-03-18,15:29:00,Cash
324-92-3863,A,Yangon,2019-02-05,18:45:00,Cash
593-08-5916,A,Yangon,2019-03-19,15:23:00,Credit card
364-34-2972,C,Naypyitaw,2019-03-30,20:37:00,Cash
794-42-3736,B,Mandalay,2019-01-26,14:41:00,Credit card
172-42-8274,B,Mandalay,2019-03-02,18:18:00,Credit card
558-60-5016,A,Yangon,2019-03-04,15:27:00,Ewallet
195-06-0432,A,Yangon,2019-01-13,12:55:00,Credit card
605-03-2706,A,Yangon,2019-03-25,18:02:00,Cash
214-30-2776,B,Mandalay,2019-03-11,19:44:00,Credit card
746-04-1077,B,Mandalay,2019-01-01,11:36:00,Credit card
448-34-8700,B,Mandalay,2019-02-10,13:51:00,Ewallet
452-04-8808,B,Mandalay,2019-01-26,15:17:00,Cash
531-56-4728,A,Yangon,2019-02-11,15:29:00,Cash
744-82-9138,C,Naypyitaw,2019-02-07,17:59:00,Cash
883-69-1285,B,Mandalay,2019-03-06,11:55:00,Credit card
221-25-5073,A,Yangon,2019-03-04,10:39:00,Cash
518-71-6847,B,Mandalay,2019-02-26,15:10:00,Ewallet
156-20-0370,B,Mandalay,2019-03-10,18:10:00,Credit card
151-33-7434,B,Mandalay,2019-02-04,20:43:00,Credit card
728-47-9078,C,Naypyitaw,2019-01-19,12:46:00,Cash
809-46-1866,A,Yangon,2019-01-23,17:44:00,Cash
139-32-4183,A,Yangon,2019-03-14,14:19:00,Ewallet
148-41-7930,C,Naypyitaw,2019-01-23,10:33:00,Cash
189-40-5216,C,Naypyitaw,2019-01-09,11:40:00,Cash
374-38-5555,B,Mandalay,2019-02-07,19:30:00,Ewallet
764-44-8999,B,Mandalay,2019-02-18,14:42:00,Ewallet
552-44-5977,B,Mandalay,2019-01-03,19:08:00,Credit card
267-62-7380,C,Naypyitaw,2019-03-29,19:12:00,Ewallet
430-53-4718,B,Mandalay,2019-01-28,15:46:00,Credit card
886-18-2897,A,Yangon,2019-03-22,19:06:00,Credit card
602-16-6955,B,Mandalay,2019-01-24,18:10:00,Ewallet
745-74-0715,A,Yangon,2019-03-10,20:46:00,Ewallet
690-01-6631,B,Mandalay,2019-02-22,18:35:00,Ewallet
652-49-6720,C,Naypyitaw,2019-02-18,11:40:00,Ewallet
233-67-5758,C,Naypyitaw,2019-01-29,13:46:00,Ewallet
303-96-2227,B,Mandalay,2019-03-02,17:16:00,Ewallet
727-02-1313,A,Yangon,2019-02-09,13:22:00,Cash
347-56-2442,A,Yangon,2019-02-22,15:33:00,Cash
849-09-3807,A,Yangon,2019-02-18,13:28:00,Cash
