SaleID,Invoice ID,CustomerID,ProductID,Quantity,Tax 5%,Total,cogs,gross income,Rating
1,750-67-8428,1792274006348302037,-6549492497609759748,7,26.1415,548.9715,522.83,26.1415,9.1
2,226-31-3081,6809895645874246465,-3971456470836921501,5,3.82,80.22,76.4,3.82,9.6
3,631-41-3108,-2177661642399427046,-1822035821437032560,7,16.2155,340.5255,324.31,16.2155,7.4
4,123-19-1176,-149253993290514649,4198096431364117856,8,23.288,489.048,465.76,23.288,8.4
5,373-73-7910,-2177661642399427046,-1559009109516188898,7,30.2085,634.3785,604.17,30.2085,5.3
6,699-14-3026,-2177661642399427046,-3700311323982183365,7,29.8865,627.6165,597.73,29.8865,4.1
7,355-53-5943,1792274006348302037,268664705401530869,6,20.652,433.692,413.04,20.652,5.8
8,315-22-5665,6809895645874246465,5612379170877777364,10,36.78,772.38,735.6,36.78,8.0
9,665-32-9167,1792274006348302037,-2838260794970360724,2,3.626,76.146,72.52,3.626,7.2
10,692-92-5582,1792274006348302037,5141818273417487788,3,8.226,172.746,164.52,8.226,5.9
11,351-62-0822,1792274006348302037,920908627713552198,4,2.896,60.816,57.92,2.896,4.5
12,529-56-3974,-149253993290514649,-7602208944937846083,4,5.102,107.142,102.04,5.102,6.8
13,365-64-0515,6809895645874246465,7781153204063023913,5,11.7375,246.4875,234.75,11.7375,7.1
14,252-56-2699,-2177661642399427046,-1000844327278250088,10,21.595,453.495,431.9,21.595,8.2
15,829-34-3910,6809895645874246465,-1067430795717119125,10,35.69,749.49,713.8,35.69,5.7
16,299-46-1805,1792274006348302037,3926988144703853736,6,28.116,590.436,562.32,28.116,4.5
17,656-95-9349,1792274006348302037,-5168946020811838545,7,24.1255,506.6355,482.51,24.1255,4.6
18,765-26-6951,-2177661642399427046,-4326482159826607496,6,21.783,457.443,435.66,21.783,6.9
19,329-62-1586,-2177661642399427046,3860589585934881924,3,8.2005,172.2105,164.01,8.2005,8.6
20,319-50-3348,6809895645874246465,-2591361125326130363,2,4.03,84.63,80.6,4.03,4.4
21,300-71-4605,-149253993290514649,-6478434041698266383,5,21.51,451.71,430.2,21.51,4.8
22,371-85-5789,-2177661642399427046,-3576364837366167008,3,13.197,277.137,263.94,13.197,5.1
23,273-16-6619,-2177661642399427046,1163473892023805640,2,3.32,69.72,66.4,3.32,4.4
24,636-48-8204,-2177661642399427046,6180740817173308994,5,8.64,181.44,172.8,8.64,9.9
25,549-59-1358,-149253993290514649,4618981202961266722,3,13.2945,279.1845,265.89,13.2945,6.0
26,227-03-5010,1792274006348302037,-1727516838200167920,8,21.036,441.756,420.72,21.036,8.5
27,649-29-6775,-2177661642399427046,-2524903473628329337,1,1.676,35.196,33.52,1.676,6.7
28,189-17-4241,6809895645874246465,-8429165872180508493,2,8.767,184.107,175.34,8.767,7.7
29,145-94-9061,6809895645874246465,2635932893202626023,5,22.09,463.89,441.8,22.09,9.6
30,848-62-7243,-2177661642399427046,-1237531879941404001,9,11.2005,235.2105,224.01,11.2005,7.4
31,871-79-8483,-2177661642399427046,1402178403026507460,5,23.5325,494.1825,470.65,23.5325,4.8
32,149-71-6266,-149253993290514649,-8048807929356446793,9,35.1315,737.7615,702.63,35.1315,4.5
33,640-49-2076,-2177661642399427046,-8705880518183454121,8,33.512,703.752,670.24,33.512,5.1
34,595-11-5460,-2177661642399427046,4384763077438298824,2,9.658,202.818,193.16,9.658,5.1
35,183-56-6882,1792274006348302037,2065300127863191332,4,19.884,417.564,397.68,19.884,7.5
36,232-16-2483,1792274006348302037,-9001910503931602911,1,3.406,71.526,68.12,3.406,6.8
37,129-29-8530,-149253993290514649,-8192136275733611197,5,15.655,328.755,313.1,15.655,7.0
38,272-65-1806,6809895645874246465,5387589110744245806,9,27.396,575.316,547.92,27.396,4.7
39,333-73-7901,6809895645874246465,1269492731017315836,8,21.968,461.328,439.36,21.968,7.6
40,777-82-7220,-149253993290514649,8552628515646139009,8,12.048,253.008,240.96,12.048,7.7
41,280-35-5823,1792274006348302037,-4051505439187827745,1,4.336,91.056,86.72,4.336,7.9
42,554-53-8700,-149253993290514649,5027942347731035185,2,5.611,117.831,112.22,5.611,6.3
43,354-25-5821,1792274006348302037,4551759540805252339,6,20.736,435.456,414.72,20.736,5.6
44,228-96-1411,1792274006348302037,-6969877533773613163,8,39.48,829.08,789.6,39.48,7.6
45,617-15-4209,-149253993290514649,9015576099935228075,2,1.537,32.277,30.74,1.537,7.2
46,132-32-9879,1792274006348302037,-4326855007105923648,4,18.792,394.632,375.84,18.792,9.5
47,370-41-7321,-149253993290514649,3558865778798851058,9,25.5105,535.7205,510.21,25.5105,8.4
48,727-46-3608,1792274006348302037,97147055134456064,9,9.0045,189.0945,180.09,9.0045,4.1
49,669-54-1719,-149253993290514649,-4746869214630480352,6,5.679,119.259,113.58,5.679,8.1
50,574-22-5561,1792274006348302037,1854483272813556539,10,41.315,867.615,826.3,41.315,7.9
51,326-78-5178,-149253993290514649,2182103692698483885,7,31.99,671.79,639.8,31.99,9.5
52,162-48-8011,1792274006348302037,1714861412669752910,5,11.1475,234.0975,222.95,11.1475,8.5
53,616-24-2851,1792274006348302037,-8693901172682060113,4,3.574,75.054,71.48,3.574,6.5
54,778-71-5554,-149253993290514649,-2185207479645134049,1,0.7715,16.2015,15.43,0.7715,6.1
55,242-55-6721,-2177661642399427046,-822176568139867591,2,1.616,33.936,32.32,1.616,6.5
56,399-46-5918,6809895645874246465,3012984042052989202,8,34.392,722.232,687.84,34.392,8.2
57,106-35-6779,-149253993290514649,-7938264354802968867,2,4.434,93.114,88.68,4.434,5.8
58,635-40-6220,-2177661642399427046,6699453104183854642,8,35.84,752.64,716.8,35.84,6.6
59,817-48-8732,1792274006348302037,2001189028044247569,10,36.175,759.675,723.5,36.175,5.4
60,120-06-4233,-2177661642399427046,-1505123241073826566,6,9.183,192.843,183.66,9.183,9.3
61,285-68-5083,1792274006348302037,6475842756960597676,3,3.711,77.931,74.22,3.711,10.0
62,803-83-5989,-2177661642399427046,-1532651378933152996,6,16.719,351.099,334.38,16.719,7.0
63,347-34-2234,1792274006348302037,8209721744743219803,9,24.7815,520.4115,495.63,24.7815,10.0
64,199-75-8169,-149253993290514649,7643173934813339400,10,7.905,166.005,158.1,7.905,8.6
65,853-23-2453,-149253993290514649,-8896939728480660893,4,15.148,318.108,302.96,15.148,7.6
66,877-22-3308,-149253993290514649,-5484177488074239829,10,7.935,166.635,158.7,7.935,5.8
67,838-78-4295,6809895645874246465,8900309125231194492,2,3.347,70.287,66.94,3.347,6.7
68,109-28-2512,1792274006348302037,-2798654611383527299,6,29.283,614.943,585.66,29.283,9.9
69,232-11-3025,-2177661642399427046,1901751132296170665,10,39.385,827.085,787.7,39.385,6.4
70,382-03-4532,1792274006348302037,-3673830155910186735,1,0.9165,19.2465,18.33,0.9165,4.3
71,393-65-2792,-2177661642399427046,7879175538685435091,10,44.74,939.54,894.8,44.74,9.6
72,796-12-2025,-2177661642399427046,-7455924491087540380,10,31.06,652.26,621.2,31.06,5.9
73,510-95-6347,1792274006348302037,-6957178952417125899,3,7.278,152.838,145.56,7.278,4.0
74,841-35-6630,6809895645874246465,-3810152817433964888,6,22.773,478.233,455.46,22.773,8.7
75,287-21-9091,-2177661642399427046,-3089460451112330936,9,33.6015,705.6315,672.03,33.6015,9.4
76,732-94-0499,6809895645874246465,13083643962275990,10,20.825,437.325,416.5,20.825,5.4
77,263-10-3913,-149253993290514649,722883926125581738,9,22.068,463.428,441.36,22.068,8.6
78,381-20-0914,1792274006348302037,-2256756554097433711,9,9.0045,189.0945,180.09,9.0045,5.7
79,829-49-1914,1792274006348302037,814187225423056763,10,39.155,822.255,783.1,39.155,6.6
80,756-01-7507,6809895645874246465,-3846221350394894795,5,5.095,106.995,101.9,5.095,6.0
81,870-72-4431,6809895645874246465,7398886387602592359,6,29.757,624.897,595.14,29.757,5.5
82,847-38-7188,6809895645874246465,-6407731170534782561,3,14.502,304.542,290.04,14.502,6.4
83,480-63-2856,-2177661642399427046,-4694578642482711149,8,7.7,161.7,154.0,7.7,6.6
84,787-56-0757,1792274006348302037,-6426334034420540748,4,16.072,337.512,321.44,16.072,8.3
85,360-39-5055,-149253993290514649,675955208820056692,5,12.2275,256.7775,244.55,12.2275,6.6
86,730-50-9884,6809895645874246465,-2431339798742755430,7,29.071,610.491,581.42,29.071,4.0
87,362-58-8315,-2177661642399427046,-1828123221207426401,5,19.13,401.73,382.6,19.13,9.9
88,633-44-8566,-149253993290514649,5639244910322683241,7,17.283,362.943,345.66,17.283,7.3
89,504-35-8843,-2177661642399427046,8375973607306779392,1,2.1235,44.5935,42.47,2.1235,5.7
90,318-68-5053,6809895645874246465,-2593146477748539595,6,23.097,485.037,461.94,23.097,6.1
91,565-80-5980,1792274006348302037,-4081609612315338291,4,9.476,198.996,189.52,9.476,7.1
92,225-32-0908,6809895645874246465,-7746476949190831344,10,22.43,471.03,448.6,22.43,8.2
93,873-51-0671,1792274006348302037,91651108938161030,7,7.693,161.553,153.86,7.693,5.1
94,152-08-9985,-149253993290514649,5557013525220171853,9,28.962,608.202,579.24,28.962,8.6
95,512-91-0811,-2177661642399427046,3111365593399736342,1,4.4875,94.2375,89.75,4.4875,6.6
96,594-34-4444,-2177661642399427046,-9180848695157730929,1,4.858,102.018,97.16,4.858,7.2
97,766-85-7061,-2177661642399427046,-6813628532983611899,10,43.935,922.635,878.7,43.935,5.1
98,871-39-9221,6809895645874246465,-4247785523743345323,6,3.735,78.435,74.7,3.735,4.1
99,865-92-6136,-2177661642399427046,5159304048937465002,3,7.9125,166.1625,158.25,7.9125,9.3
100,733-01-9107,-2177661642399427046,-705568420093931074,6,24.81,521.01,496.2,24.81,7.4
101,163-56-7055,-149253993290514649,-3204209562444215808,1,2.4355,51.1455,48.71,2.4355,4.1
102,189-98-2939,-2177661642399427046,7156455300042292237,9,35.3475,742.2975,706.95,35.3475,7.2
103,551-21-3069,6809895645874246465,-8139544540535776844,9,10.3815,218.0115,207.63,10.3815,4.9
104,212-62-1842,-2177661642399427046,-327878865482351788,6,17.478,367.038,349.56,17.478,9.9
105,716-39-1409,-2177661642399427046,2130373192611678779,7,10.6225,223.0725,212.45,10.6225,8.0
106,704-48-3927,-149253993290514649,8940388542349167874,10,44.335,931.035,886.7,44.335,7.3
107,628-34-3388,-2177661642399427046,7494793440866278831,6,8.214,172.494,164.28,8.214,7.9
108,630-74-5166,-2177661642399427046,8808312908129549122,6,18.639,391.419,372.78,18.639,7.4
109,588-01-7461,6809895645874246465,7997341808599248806,9,15.291,321.111,305.82,15.291,4.2
110,861-77-0145,-149253993290514649,8727541663559917622,10,40.985,860.685,819.7,40.985,9.2
111,479-26-8945,1792274006348302037,265095240357796729,2,1.649,34.629,32.98,1.649,4.6
112,210-67-5886,1792274006348302037,-1285467458867538727,3,14.7315,309.3615,294.63,14.7315,7.8
113,227-78-1148,6809895645874246465,-318086210132686130,7,25.494,535.374,509.88,25.494,8.4
114,645-44-1170,-149253993290514649,6509704432619639024,9,26.1315,548.7615,522.63,26.1315,4.3
115,237-01-6122,1792274006348302037,-3952187649872512406,9,36.3555,763.4655,727.11,36.3555,9.5
116,225-98-1496,6809895645874246465,7109049156269199764,3,4.053,85.113,81.06,4.053,7.1
117,291-32-1427,-149253993290514649,9040406120027985467,5,5.485,115.185,109.7,5.485,5.3
118,659-65-8956,-149253993290514649,-4455638993023592181,1,2.568,53.928,51.36,2.568,5.2
119,642-32-2990,6809895645874246465,-3502747725709793758,10,5.48,115.08,109.6,5.48,6.0
120,378-24-2715,-2177661642399427046,8368211428685948805,2,5.344,112.224,106.88,5.344,4.1
121,638-60-7125,6809895645874246465,7088527089527127319,8,39.824,836.304,796.48,39.824,5.2
122,659-36-1684,-149253993290514649,-3429156898084745836,7,19.992,419.832,399.84,19.992,6.5
123,219-22-9386,-149253993290514649,-5378241446751034582,9,44.982,944.622,899.64,44.982,4.2
124,336-78-2147,-149253993290514649,4221308989943389977,8,25.564,536.844,511.28,25.564,4.6
125,268-27-6179,1792274006348302037,4120041529970087125,8,22.588,474.348,451.76,22.588,7.3
126,668-90-8900,6809895645874246465,-8866891061787075978,7,32.7915,688.6215,655.83,32.7915,4.5
127,870-54-3162,6809895645874246465,-8775387438680579220,5,8.0625,169.3125,161.25,8.0625,9.0
128,189-08-9157,6809895645874246465,-7145895030742728066,9,14.2785,299.8485,285.57,14.2785,5.9
129,663-86-9076,1792274006348302037,7909291323727906386,8,27.416,575.736,548.32,27.416,8.5
130,549-84-7482,6809895645874246465,8348499241347182129,9,40.626,853.146,812.52,40.626,7.2
131,191-10-6171,6809895645874246465,-5741349958445406940,7,13.867,291.207,277.34,13.867,7.5
132,802-70-5316,1792274006348302037,-4895590594448949128,6,27.639,580.419,552.78,27.639,8.3
133,695-51-0018,6809895645874246465,-4845882728500472722,4,6.968,146.328,139.36,6.968,7.4
134,590-83-4591,-149253993290514649,-8440136987972088461,6,26.235,550.935,524.7,26.235,8.8
135,483-71-1164,6809895645874246465,-4704593116171230223,6,24.39,512.19,487.8,24.39,5.3
136,597-78-7908,-2177661642399427046,939349829102992197,3,13.533,284.193,270.66,13.533,6.2
137,700-81-1757,6809895645874246465,-7098136764788381404,5,6.5775,138.1275,131.55,6.5775,8.8
138,354-39-5160,1792274006348302037,-4301102034348857769,6,10.326,216.846,206.52,10.326,9.8
139,241-72-9525,-2177661642399427046,8798162692051357176,10,25.955,545.055,519.1,25.955,8.2
140,575-30-8091,-2177661642399427046,-7563745855444052387,8,29.0,609.0,580.0,29.0,9.2
141,731-81-9469,1792274006348302037,8009493263561502883,10,44.9,942.9,898.0,44.9,5.4
142,280-17-4359,-149253993290514649,1069810975447405800,10,45.25,950.25,905.0,45.25,8.1
143,338-65-2210,1792274006348302037,-5362782793364018524,10,34.3,720.3,686.0,34.3,9.1
144,488-25-4221,1792274006348302037,-4506542531334360738,1,1.5205,31.9305,30.41,1.5205,8.4
145,239-10-7476,6809895645874246465,2505210126584163478,6,23.385,491.085,467.7,23.385,8.0
146,458-41-1477,6809895645874246465,-3562141925292586685,6,13.878,291.438,277.56,13.878,9.5
147,685-64-1609,1792274006348302037,-1897986302446314816,10,15.07,316.47,301.4,15.07,9.2
148,568-90-5112,-2177661642399427046,3344724766765072827,4,13.228,277.788,264.56,13.228,5.6
149,262-47-2794,-149253993290514649,-7708794954244790089,8,28.744,603.624,574.88,28.744,6.2
150,238-49-0436,-2177661642399427046,6982203615358425729,8,12.984,272.664,259.68,12.984,4.9
151,608-96-3517,1792274006348302037,7787803667553966883,4,18.308,384.468,366.16,18.308,4.8
152,584-86-7256,-149253993290514649,-2318345822965666652,7,12.096,254.016,241.92,12.096,7.3
153,746-94-0204,-2177661642399427046,3254039855848548015,9,37.458,786.618,749.16,37.458,7.4
154,214-17-6927,6809895645874246465,-9159007726650439456,6,4.944,103.824,98.88,4.944,9.9
155,400-89-4171,6809895645874246465,5121529052393638342,8,32.388,680.148,647.76,32.388,9.3
156,782-95-9291,-149253993290514649,-5948234031891657372,5,23.0725,484.5225,461.45,23.0725,9.0
157,279-74-2924,-149253993290514649,-6128778396506922717,1,3.6085,75.7785,72.17,3.6085,6.1
158,307-85-2293,-2177661642399427046,5863828236810103000,5,12.57,263.97,251.4,12.57,9.7
159,743-04-1105,-149253993290514649,-894055236131476609,9,43.749,918.729,874.98,43.749,6.0
160,423-57-2993,-2177661642399427046,-3137131036497992240,6,28.017,588.357,560.34,28.017,10.0
161,894-41-5205,6809895645874246465,3588690918950979574,8,17.272,362.712,345.44,17.272,8.3
162,275-28-0149,-2177661642399427046,5818320916729502027,1,3.1845,66.8745,63.69,3.1845,6.0
163,101-17-6199,-2177661642399427046,-1660874863327373252,7,16.0265,336.5565,320.53,16.0265,7.0
164,423-80-0988,-2177661642399427046,8977206189775982743,2,7.64,160.44,152.8,7.64,6.5
165,548-46-9322,-2177661642399427046,5529403416870901718,10,19.95,418.95,399.0,19.95,5.9
166,505-02-0892,-149253993290514649,2449556892018787834,8,17.028,357.588,340.56,17.028,5.6
167,234-65-2137,-2177661642399427046,3558798660449964678,10,47.79,1003.59,955.8,47.79,4.8
168,687-47-8271,-2177661642399427046,6595426025169242608,10,49.49,1039.29,989.8,49.49,8.7
169,796-32-9050,-2177661642399427046,-4971344687379057381,6,15.384,323.064,307.68,15.384,6.5
170,105-31-1824,-149253993290514649,4982435027650434212,7,24.332,510.972,486.64,24.332,8.5
171,249-42-3782,-2177661642399427046,8117307634880323250,5,17.5025,367.5525,350.05,17.5025,5.5
172,316-55-4634,-149253993290514649,2779577767719032231,5,20.0125,420.2625,400.25,20.0125,9.4
173,733-33-4967,-2177661642399427046,8002803013092120058,8,8.34,175.14,166.8,8.34,6.3
174,608-27-6295,-149253993290514649,3136501721966544164,6,15.867,333.207,317.34,15.867,9.8
175,414-12-7047,-2177661642399427046,-614783514541929217,8,7.916,166.236,158.32,7.916,8.7
176,827-26-2100,-149253993290514649,-978318728913921363,9,15.228,319.788,304.56,15.228,8.8
177,175-54-2529,-149253993290514649,7560376939251561023,8,8.868,186.228,177.36,8.868,9.6
178,139-52-2867,6809895645874246465,-3741228629902904765,7,7.8785,165.4485,157.57,7.8785,4.8
179,407-63-8975,-2177661642399427046,4233703861009466910,6,22.164,465.444,443.28,22.164,4.4
180,342-65-4817,-149253993290514649,4580814196905087904,3,13.02,273.42,260.4,13.02,9.9
181,130-98-8941,-2177661642399427046,-2192238122862638262,7,22.491,472.311,449.82,22.491,5.7
182,434-83-9547,-149253993290514649,-8866798060189290573,8,15.388,323.148,307.76,15.388,7.7
183,851-28-6367,-149253993290514649,7636764088460152884,10,7.75,162.75,155.0,7.75,8.0
184,824-88-3614,-2177661642399427046,5226702004629584677,8,13.724,288.204,274.48,13.724,5.7
185,586-25-0848,6809895645874246465,-1935749168774582372,7,4.319,90.699,86.38,4.319,6.7
186,895-66-0685,-149253993290514649,3315624081991747481,3,2.712,56.952,54.24,2.712,8.0
187,305-14-0245,1792274006348302037,-8362818881637611299,8,37.796,793.716,755.92,37.796,7.5
188,732-04-5373,-149253993290514649,-5263147022424354578,4,9.294,195.174,185.88,9.294,7.0
189,400-60-7251,-2177661642399427046,-902736627926501127,1,3.7035,77.7735,74.07,3.7035,9.9
190,593-65-1552,6809895645874246465,-468273694401192578,4,13.962,293.202,279.24,13.962,5.9
191,284-34-9626,6809895645874246465,-8771508824799162650,3,11.556,242.676,231.12,11.556,7.2
192,437-58-8131,6809895645874246465,8496413369270824731,2,7.352,154.392,147.04,7.352,4.6
193,286-43-6208,6809895645874246465,-7618711676805265023,9,39.51,829.71,790.2,39.51,9.2
194,641-43-2399,-2177661642399427046,4056743120593241635,4,5.11,107.31,102.2,5.11,5.7
195,831-07-6050,-2177661642399427046,7936242427902150046,5,8.1775,171.7275,163.55,8.1775,9.9
196,556-86-3144,1792274006348302037,-2592136747699304469,1,3.7145,78.0045,74.29,3.7145,5.0
197,848-24-9445,-149253993290514649,-3942764997362489585,2,4.37,91.77,87.4,4.37,4.9
198,856-22-8149,6809895645874246465,8828025095468315798,1,1.2645,26.5545,25.29,1.2645,6.1
199,699-01-4164,-2177661642399427046,-7162542917459957262,4,8.3,174.3,166.0,8.3,8.2
200,420-11-4919,1792274006348302037,1172842244033773554,5,17.8475,374.7975,356.95,17.8475,5.5
201,606-80-4905,1792274006348302037,1492260628908080145,6,5.745,120.645,114.9,5.745,6.8
202,542-41-0513,1792274006348302037,-6092017068220182196,4,11.498,241.458,229.96,11.498,6.6
203,426-39-2418,-2177661642399427046,-3216366338435569932,7,21.4935,451.3635,429.87,21.4935,9.8
204,875-46-5808,-149253993290514649,680573629931364762,10,12.95,271.95,259.0,12.95,8.7
205,394-43-4238,-149253993290514649,-1178668321445524051,5,4.4425,93.2925,88.85,4.4425,5.4
206,749-24-1565,6809895645874246465,6368836667368986411,9,10.3635,217.6335,207.27,10.3635,7.9
207,672-51-8681,1792274006348302037,3947939764142123735,9,29.9925,629.8425,599.85,29.9925,9.7
208,263-87-5680,1792274006348302037,2889176245849417201,10,14.265,299.565,285.3,14.265,7.8
209,573-58-9734,6809895645874246465,4407464002267746058,3,4.5555,95.6655,91.11,4.5555,5.1
210,817-69-8206,6809895645874246465,-3074630894609491770,9,44.8785,942.4485,897.57,44.8785,6.5
211,888-02-0338,-2177661642399427046,1432968716698958412,9,11.8035,247.8735,236.07,11.8035,5.9
212,677-11-0152,6809895645874246465,-4162933164259586829,9,41.967,881.307,839.34,41.967,8.8
213,142-63-6033,-2177661642399427046,7408807859693326028,5,23.09,484.89,461.8,23.09,4.9
214,656-16-1063,-2177661642399427046,-2384906408155636664,3,6.963,146.223,139.26,6.963,4.4
215,891-58-8335,1792274006348302037,1934893436394750979,7,10.3635,217.6335,207.27,10.3635,6.5
216,802-43-8934,-2177661642399427046,-537780614898317677,1,0.914,19.194,18.28,0.914,8.3
217,560-30-5617,6809895645874246465,-4600889522628537361,5,6.1925,130.0425,123.85,6.1925,8.5
218,319-74-2561,1792274006348302037,-2382637836352078784,3,14.196,298.116,283.92,14.196,5.5
219,549-03-9315,-2177661642399427046,129028875293193599,8,37.948,796.908,758.96,37.948,8.7
220,790-29-1172,6809895645874246465,520320504979968304,3,8.601,180.621,172.02,8.601,7.9
221,239-36-3640,-2177661642399427046,-7896276960479774242,6,13.605,285.705,272.1,13.605,6.1
222,468-01-2051,-2177661642399427046,6209561147522876128,7,21.728,456.288,434.56,21.728,5.4
223,389-25-3394,-2177661642399427046,-1135259570031472560,5,2.9525,62.0025,59.05,2.9525,9.4
224,279-62-1445,1792274006348302037,8728920900800073277,1,0.627,13.167,12.54,0.627,8.2
225,213-72-6612,-2177661642399427046,-7355236718397457243,2,4.325,90.825,86.5,4.325,6.2
226,746-68-6593,1792274006348302037,-5511667533355255661,2,8.716,183.036,174.32,8.716,9.7
227,836-82-5858,-149253993290514649,1995411163375403892,9,31.2165,655.5465,624.33,31.2165,4.0
228,583-72-1480,-149253993290514649,5957600431720157638,4,7.412,155.652,148.24,7.412,9.7
229,466-61-5506,1792274006348302037,-7567806298745521929,6,27.21,571.41,544.2,27.21,5.3
230,721-86-6247,6809895645874246465,-1623343282887369448,8,25.368,532.728,507.36,25.368,7.4
231,289-65-5721,6809895645874246465,-4170258674681107811,2,8.137,170.877,162.74,8.137,6.5
232,545-46-3100,1792274006348302037,9143280621849582216,3,1.5885,33.3585,31.77,1.5885,8.7
233,418-02-5978,6809895645874246465,9093811879419688254,9,37.8405,794.6505,756.81,37.8405,8.0
234,269-04-5750,-149253993290514649,-3210194028722440663,4,14.764,310.044,295.28,14.764,6.7
235,157-13-5295,-149253993290514649,-4631070459597749181,10,25.97,545.37,519.4,25.97,6.5
236,645-78-8093,6809895645874246465,4112745757506741712,2,9.314,195.594,186.28,9.314,4.1
237,211-30-9270,-2177661642399427046,-2847731562171899269,5,4.3525,91.4025,87.05,4.3525,4.9
238,755-12-3214,1792274006348302037,3476875325077418316,5,11.055,232.155,221.1,11.055,8.6
239,346-84-3103,1792274006348302037,-6211887432213310442,5,3.305,69.405,66.1,3.305,4.3
240,478-06-7835,-2177661642399427046,-8991312235419339095,1,4.4845,94.1745,89.69,4.4845,4.9
241,540-11-4336,-2177661642399427046,8115802427416480935,9,11.223,235.683,224.46,11.223,5.6
242,448-81-5016,-2177661642399427046,3237841220535407140,2,5.977,125.517,119.54,5.977,5.8
243,142-72-4741,-149253993290514649,6839913019718057214,2,9.32,195.72,186.4,9.32,6.0
244,217-58-1179,-149253993290514649,-8893663799634196450,4,12.53,263.13,250.6,12.53,4.2
245,376-02-8238,-2177661642399427046,-5084966778450777699,8,37.548,788.508,750.96,37.548,8.3
246,530-90-9855,-149253993290514649,-7065933665576402335,8,19.036,399.756,380.72,19.036,5.7
247,866-05-7563,1792274006348302037,4367965583581641188,3,12.21,256.41,244.2,12.21,4.8
248,604-70-6476,-149253993290514649,-1191084736320945314,5,4.485,94.185,89.7,4.485,6.8
249,799-71-1548,-149253993290514649,-5698459070403504160,4,15.544,326.424,310.88,15.544,8.8
250,785-13-7708,-2177661642399427046,2725647192051556300,7,25.571,536.991,511.42,25.571,4.2
251,845-51-0542,-149253993290514649,3108750057565761335,9,20.9475,439.8975,418.95,20.9475,6.4
252,662-47-5456,-149253993290514649,-5414657462042979971,10,17.595,369.495,351.9,17.595,8.4
253,883-17-4236,6809895645874246465,-2108140363259290432,2,1.439,30.219,28.78,1.439,7.2
254,290-68-2984,-2177661642399427046,1377614904057583871,4,4.75,99.75,95.0,4.75,5.2
255,704-11-6354,-149253993290514649,3472427408796385224,8,23.56,494.76,471.2,23.56,8.9
256,110-48-7033,-149253993290514649,-8295976129966575286,4,6.524,137.004,130.48,6.524,9.0
257,366-93-0948,-149253993290514649,8476442880059871638,1,3.3175,69.6675,66.35,3.3175,9.7
258,729-09-9681,-149253993290514649,4442487405190320702,6,7.773,163.233,155.46,7.773,8.7
259,151-16-1484,-149253993290514649,-276300798541603574,4,6.45,135.45,129.0,6.45,6.5
260,380-94-4661,-149253993290514649,8682097489993045780,4,13.188,276.948,263.76,13.188,6.9
261,850-41-9669,6809895645874246465,-2994520086226946555,9,33.777,709.317,675.54,33.777,6.2
262,821-07-3596,6809895645874246465,9213850251447621166,4,3.29,69.09,65.8,3.29,5.6
263,655-85-5130,1792274006348302037,5944813716805765404,4,7.66,160.86,153.2,7.66,5.7
264,447-15-7839,1792274006348302037,3561957449781700602,10,11.12,233.52,222.4,11.12,4.2
265,154-74-7179,-2177661642399427046,-1014377137236802,1,2.7225,57.1725,54.45,2.7225,7.9
266,253-12-6086,1792274006348302037,4701981386731934590,7,34.44,723.24,688.8,34.44,8.7
267,808-65-0703,-2177661642399427046,-6648549265219758914,4,7.094,148.974,141.88,7.094,6.9
268,571-94-0759,1792274006348302037,6222852234011414580,10,37.3,783.3,746.0,37.3,9.5
269,144-51-6085,-149253993290514649,5494706473981952459,4,14.148,297.108,282.96,14.148,4.4
270,731-14-2199,1792274006348302037,854267171141355885,10,17.77,373.17,355.4,17.77,7.0
271,783-09-1637,6809895645874246465,-1870361605479254571,5,16.8575,354.0075,337.15,16.8575,6.3
272,687-15-1097,1792274006348302037,3100116660866372453,2,2.112,44.352,42.24,2.112,9.7
273,126-54-1082,1792274006348302037,-8653342554885348935,9,9.693,203.553,193.86,9.693,8.8
274,633-91-1052,6809895645874246465,-2967669044513913895,2,1.203,25.263,24.06,1.203,5.1
275,477-24-6490,6809895645874246465,2166806380844216747,6,29.913,628.173,598.26,29.913,7.9
276,566-19-5475,-2177661642399427046,8296196500004068560,7,16.7895,352.5795,335.79,16.7895,6.2
277,526-86-8552,1792274006348302037,-6782522077435786877,10,10.91,229.11,218.2,10.91,7.1
278,376-56-3573,6809895645874246465,-3517736935627302561,4,19.084,400.764,381.68,19.084,6.4
279,537-72-0426,-149253993290514649,1349541960603559508,10,35.495,745.395,709.9,35.495,5.7
280,828-61-5674,-149253993290514649,-119664679138347882,10,22.01,462.21,440.2,22.01,9.6
281,136-08-6195,6809895645874246465,2813921203464355119,8,27.984,587.664,559.68,27.984,6.4
282,523-38-0215,-2177661642399427046,5391396172420202675,1,1.85,38.85,37.0,1.85,7.9
283,490-29-1201,6809895645874246465,-5214256470617976679,1,0.767,16.107,15.34,0.767,6.5
284,667-92-0055,-149253993290514649,-6143621018409829435,6,29.949,628.929,598.98,29.949,8.5
285,565-17-3836,1792274006348302037,1566385970516513314,4,9.534,200.214,190.68,9.534,9.1
286,498-41-1961,-2177661642399427046,466364046063593348,5,16.67,350.07,333.4,16.67,7.6
287,593-95-4461,-149253993290514649,-3984944853997857733,1,3.743,78.603,74.86,3.743,6.9
288,226-71-3580,6809895645874246465,-4599232468646597785,9,10.6875,224.4375,213.75,10.6875,9.5
289,283-79-9594,6809895645874246465,4590512142454365174,7,16.9785,356.5485,339.57,16.9785,5.2
290,430-60-3493,1792274006348302037,3791294580064252475,7,33.208,697.368,664.16,33.208,4.2
291,139-20-0155,-149253993290514649,6976907430743520452,10,20.15,423.15,403.0,20.15,7.0
292,558-80-4082,-2177661642399427046,-3490957506111895084,7,9.7475,204.6975,194.95,9.7475,6.0
293,278-97-7759,1792274006348302037,-7652653219682008324,1,3.124,65.604,62.48,3.124,4.7
294,316-68-6352,1792274006348302037,-6672599194301180698,2,3.636,76.356,72.72,3.636,7.1
295,585-03-5943,-2177661642399427046,-3102328258510219692,10,9.055,190.155,181.1,9.055,5.9
296,211-05-0490,1792274006348302037,1351200854334473621,5,12.98,272.58,259.6,12.98,7.5
297,727-75-6477,-2177661642399427046,3185760336510932249,4,5.768,121.128,115.36,5.768,6.4
298,744-02-5987,-149253993290514649,7168871714917713500,6,23.514,493.794,470.28,23.514,5.8
299,307-83-9164,-149253993290514649,-8366437905825771506,4,12.002,252.042,240.04,12.002,4.5
300,779-06-0012,1792274006348302037,8374184283049212911,1,4.4305,93.0405,88.61,4.4305,7.7
301,446-47-6729,-2177661642399427046,-4256285377507884698,2,9.982,209.622,199.64,9.982,6.7
302,573-10-3877,-149253993290514649,-3265248685793389207,1,1.9505,40.9605,39.01,1.9505,4.7
303,735-06-4124,-2177661642399427046,-1631075606424143761,1,2.4305,51.0405,48.61,2.4305,4.4
304,439-54-7422,6809895645874246465,5125045977921479897,4,10.238,214.998,204.76,10.238,4.7
305,396-90-2219,6809895645874246465,3792366508215700237,8,5.984,125.664,119.68,5.984,8.6
306,411-77-0180,-149253993290514649,-5804795891021362963,7,25.27,530.67,505.4,25.27,4.3
307,286-01-5402,6809895645874246465,-9024995645756569993,7,14.0805,295.6905,281.61,14.0805,9.6
308,803-17-8013,1792274006348302037,5110079277750654365,8,35.516,745.836,710.32,35.516,4.1
309,512-98-1403,1792274006348302037,-5816908077305775540,3,3.972,83.412,79.44,3.972,4.7
310,848-42-2560,6809895645874246465,-7180694388823247956,2,8.191,172.011,163.82,8.191,7.8
311,532-59-7201,-149253993290514649,-4078714811606951586,6,23.979,503.559,479.58,23.979,5.5
312,181-94-6432,-149253993290514649,-7885622372827436078,2,6.933,145.593,138.66,6.933,9.7
313,870-76-1733,1792274006348302037,-3523697659775007563,5,3.5575,74.7075,71.15,3.5575,4.4
314,423-64-4619,1792274006348302037,3497305294786171445,9,6.9975,146.9475,139.95,6.9975,5.0
315,227-07-4446,1792274006348302037,-5904113680336678302,10,39.065,820.365,781.3,39.065,4.4
316,174-36-3675,-149253993290514649,-7526355958873460714,2,9.937,208.677,198.74,9.937,5.2
317,428-83-5800,1792274006348302037,-4361240602836014954,3,3.162,66.402,63.24,3.162,7.3
318,603-07-0961,-149253993290514649,-8877648582931583128,5,18.6975,392.6475,373.95,18.6975,4.9
319,704-20-4138,1792274006348302037,274029461850429329,7,10.3845,218.0745,207.69,10.3845,8.1
320,787-15-1757,-149253993290514649,-4281224249536361947,4,8.814,185.094,176.28,8.814,8.4
321,649-11-3678,6809895645874246465,-2979716520932807576,9,10.3185,216.6885,206.37,10.3185,5.5
322,622-20-1945,6809895645874246465,-4644361546086287633,1,1.971,41.391,39.42,1.971,8.4
323,372-94-8041,-2177661642399427046,1379955021333415056,6,4.578,96.138,91.56,4.578,9.8
324,563-91-7120,6809895645874246465,4842081801435978223,5,15.4425,324.2925,308.85,15.4425,6.7
325,746-54-5508,-2177661642399427046,4901984543833445891,6,6.456,135.576,129.12,6.456,9.4
326,276-54-0879,-2177661642399427046,-6421306276480369598,4,19.548,410.508,390.96,19.548,6.4
327,815-11-1168,-149253993290514649,2451044412460270399,5,24.945,523.845,498.9,24.945,5.4
328,719-76-3868,-149253993290514649,2344707591842411596,4,18.852,395.892,377.04,18.852,8.6
329,730-61-8757,-149253993290514649,-3682633086150032628,4,10.226,214.746,204.52,10.226,4.0
330,340-66-0321,-149253993290514649,1791738968350077307,4,7.272,152.712,145.44,7.272,7.6
331,868-81-1752,-2177661642399427046,3064277431250992476,9,9.909,208.089,198.18,9.909,6.8
332,634-97-8956,-2177661642399427046,2974777245349733372,3,4.935,103.635,98.7,4.935,9.1
333,566-71-1091,-2177661642399427046,-1018158428139391119,5,19.255,404.355,385.1,19.255,5.5
334,442-48-3607,-149253993290514649,-6604381555129271110,2,2.348,49.308,46.96,2.348,7.9
335,835-16-0096,-149253993290514649,64561842951798754,5,3.675,77.175,73.5,3.675,8.5
336,527-09-6272,1792274006348302037,2476033546428293428,5,7.1125,149.3625,142.25,7.1125,9.1
337,898-04-2717,-2177661642399427046,-4786335613587414344,9,34.38,721.98,687.6,34.38,7.5
338,692-27-8933,6809895645874246465,-6378560481915404222,6,17.385,365.085,347.7,17.385,5.2
339,633-09-3463,6809895645874246465,-3939930940618554089,3,7.1475,150.0975,142.95,7.1475,9.5
340,374-17-3652,1792274006348302037,-662385075104377726,9,19.269,404.649,385.38,19.269,8.9
341,378-07-7001,-149253993290514649,664627777910795065,3,7.2135,151.4835,144.27,7.2135,7.8
342,433-75-6987,1792274006348302037,-5476311882837953437,7,19.5895,411.3795,391.79,19.5895,8.9
343,873-95-4984,1792274006348302037,-829018981658599656,7,26.915,565.215,538.3,26.915,7.7
344,416-13-5917,6809895645874246465,-258993389348749548,5,24.2575,509.4075,485.15,24.2575,9.3
345,150-89-8043,-2177661642399427046,-4762152895929767300,3,6.6975,140.6475,133.95,6.6975,6.2
346,135-84-8019,6809895645874246465,3388278114594269012,9,35.0685,736.4385,701.37,35.0685,7.6
347,441-94-7118,-149253993290514649,-6818608189459275372,1,3.5975,75.5475,71.95,3.5975,7.3
348,725-96-3778,1792274006348302037,-3950663319155419347,8,35.7,749.7,714.0,35.7,4.7
349,531-80-1784,-2177661642399427046,4417292769960022456,7,9.107,191.247,182.14,9.107,5.1
350,400-45-1220,6809895645874246465,-7731018295803815286,10,6.75,141.75,135.0,6.75,4.8
351,860-79-0874,1792274006348302037,-3422562753733877214,10,49.65,1042.65,993.0,49.65,6.6
352,834-61-8124,-2177661642399427046,-4976350227103619879,7,18.0915,379.9215,361.83,18.0915,5.5
353,115-99-4379,1792274006348302037,-4935579854408810420,7,19.1555,402.2655,383.11,19.1555,8.5
354,565-67-6697,-149253993290514649,-887080099347898027,9,12.15,255.15,243.0,12.15,4.8
355,320-49-6392,6809895645874246465,2676566943834291403,1,1.512,31.752,30.24,1.512,8.4
356,889-04-9723,1792274006348302037,5316718163720223363,4,17.828,374.388,356.56,17.828,7.8
357,632-90-0281,6809895645874246465,7986368334758095946,10,18.775,394.275,375.5,18.775,9.3
358,554-42-2417,6809895645874246465,8069091777367961865,10,47.72,1002.12,954.4,47.72,5.2
359,453-63-6187,-2177661642399427046,-8466237036938203813,3,4.125,86.625,82.5,4.125,6.5
360,578-80-7669,-2177661642399427046,4676186253990100293,1,3.7485,78.7185,74.97,3.7485,5.6
361,612-36-5536,-149253993290514649,2655581934027663568,8,32.384,680.064,647.68,32.384,7.4
362,605-72-4132,6809895645874246465,6318539387223608963,8,37.788,793.548,755.76,37.788,9.1
363,471-41-2823,-2177661642399427046,4951740008313962814,2,9.979,209.559,199.58,9.979,8.0
364,462-67-9126,-2177661642399427046,3049921795912565636,6,21.966,461.286,439.32,21.966,7.2
365,272-27-9238,6809895645874246465,18089183686838488,4,8.248,173.208,164.96,8.248,7.1
366,834-25-9262,6809895645874246465,5070573596888870826,4,16.336,343.056,326.72,16.336,9.1
367,122-61-9553,6809895645874246465,-772559265471469284,9,23.094,484.974,461.88,23.094,5.6
368,468-88-0009,-149253993290514649,6159858222558251790,4,13.188,276.948,263.76,13.188,6.0
369,613-59-9758,6809895645874246465,8968591916329844605,10,7.18,150.78,143.6,7.18,5.4
370,254-31-0042,-149253993290514649,-1865550546706885037,9,9.675,203.175,193.5,9.675,7.8
371,201-86-2184,1792274006348302037,1756951222184518166,7,9.191,193.011,183.82,9.191,9.9
372,261-12-8671,6809895645874246465,1837314025432821129,2,6.096,128.016,121.92,6.096,4.9
373,730-70-9830,6809895645874246465,-3911191999951811611,6,21.033,441.693,420.66,21.033,5.2
374,382-25-8917,-2177661642399427046,-6097294986139256516,6,12.624,265.104,252.48,12.624,8.9
375,422-29-8786,6809895645874246465,1544028392259715357,5,16.7725,352.2225,335.45,16.7725,9.1
376,667-23-5919,1792274006348302037,462366914939889794,5,24.175,507.675,483.5,24.175,7.0
377,843-01-4703,1792274006348302037,6472091462496810564,9,15.921,334.341,318.42,15.921,9.6
378,743-88-1662,-2177661642399427046,-785996209604937705,7,33.4215,701.8515,668.43,33.4215,8.7
379,595-86-2894,-149253993290514649,4980859298039940549,4,19.396,407.316,387.92,19.396,9.4
380,182-69-8360,6809895645874246465,-1279272864703807995,4,4.73,99.33,94.6,4.73,4.0
381,289-15-7034,-149253993290514649,8877888400460667404,4,16.466,345.786,329.32,16.466,7.5
382,462-78-5240,6809895645874246465,6710129976286794269,2,2.661,55.881,53.22,2.661,4.2
383,868-52-7573,6809895645874246465,-2962932373525307153,5,24.9225,523.3725,498.45,24.9225,9.9
384,153-58-4872,1792274006348302037,-5204703860744393866,4,14.978,314.538,299.56,14.978,4.2
385,662-72-2873,6809895645874246465,-3629223352845464556,5,10.235,214.935,204.7,10.235,9.9
386,525-88-7307,-149253993290514649,7769557118785890355,1,3.791,79.611,75.82,3.791,5.8
387,689-16-9784,-2177661642399427046,7023478983142757834,6,14.031,294.651,280.62,14.031,6.0
388,725-56-0833,6809895645874246465,-977399968728947044,10,16.16,339.36,323.2,16.16,10.0
389,394-41-0748,1792274006348302037,-7663103431737807581,9,24.3315,510.9615,486.63,24.3315,9.5
390,596-42-3999,-2177661642399427046,-125487118995574537,7,6.377,133.917,127.54,6.377,6.6
391,541-89-9860,1792274006348302037,8358436432893401574,3,12.072,253.512,241.44,12.072,8.1
392,173-82-9529,6809895645874246465,-203924064380267609,10,18.975,398.475,379.5,18.975,9.7
393,563-36-9814,-149253993290514649,4329540441317312810,1,3.841,80.661,76.82,3.841,7.2
394,308-47-4913,1792274006348302037,3590387241610760650,10,26.13,548.73,522.6,26.13,6.2
395,885-17-6250,6809895645874246465,8380580416503126713,1,3.987,83.727,79.74,3.987,7.3
396,726-27-2396,6809895645874246465,-1930157994477300595,5,19.375,406.875,387.5,19.375,4.3
397,316-01-3952,6809895645874246465,7740398042081472765,5,13.5675,284.9175,271.35,13.5675,4.6
398,760-54-1821,-2177661642399427046,-3703495236063462906,9,6.1155,128.4255,122.31,6.1155,5.8
399,793-10-3222,1792274006348302037,-3415539103554064641,6,12.318,258.678,246.36,12.318,8.3
400,346-12-3257,-149253993290514649,8337193989673743892,9,8.658,181.818,173.16,8.658,8.0
401,110-05-6330,6809895645874246465,1906395436656377760,6,11.829,248.409,236.58,11.829,9.4
402,651-61-0874,-2177661642399427046,1986729771580379374,4,9.244,194.124,184.88,9.244,6.2
403,236-86-3015,-149253993290514649,-2993768445980824085,1,0.699,14.679,13.98,0.699,9.8
404,831-64-0259,6809895645874246465,-7240597818853987993,5,9.9375,208.6875,198.75,9.9375,9.6
405,587-03-7455,1792274006348302037,-6062759616682085845,7,34.2265,718.7565,684.53,34.2265,4.9
406,882-40-4577,-149253993290514649,-3151590292961860435,4,13.452,282.492,269.04,13.452,8.0
407,732-67-5346,-2177661642399427046,3338231070038900862,5,3.4475,72.3975,68.95,3.4475,7.8
408,725-32-9708,1792274006348302037,6660869521993431647,4,13.742,288.582,274.84,13.742,4.1
409,256-08-8343,6809895645874246465,-940705758791092903,4,11.306,237.426,226.12,11.306,5.5
410,372-26-1506,6809895645874246465,7586786238060671543,5,5.955,125.055,119.1,5.955,5.4
411,244-08-0162,6809895645874246465,-6998454320201458004,10,17.105,359.205,342.1,17.105,5.1
412,569-71-4390,-2177661642399427046,3900416701955572964,2,2.187,45.927,43.74,2.187,6.9
413,132-23-6451,-149253993290514649,2844973238916245146,5,5.2425,110.0925,104.85,5.2425,7.8
414,696-90-2548,-2177661642399427046,-9037176403874975753,3,3.876,81.396,77.52,3.876,6.6
415,472-15-9636,-2177661642399427046,-867499630356853665,8,20.372,427.812,407.44,20.372,9.2
416,268-03-6164,-2177661642399427046,7807784385858631691,1,4.8055,100.9155,96.11,4.8055,7.8
417,750-57-9686,6809895645874246465,-5696176339444640350,4,9.076,190.596,181.52,9.076,8.7
418,186-09-3669,1792274006348302037,-598686327349372190,1,4.0755,85.5855,81.51,4.0755,9.2
419,848-07-1692,6809895645874246465,-4957216230388369266,2,5.722,120.162,114.44,5.722,8.3
420,745-71-3520,1792274006348302037,-7553266858532699802,7,8.827,185.367,176.54,8.827,8.2
421,266-76-6436,1792274006348302037,-3320016631963014801,3,5.79,121.59,115.8,5.79,7.5
422,740-22-2500,6809895645874246465,-8372052072065025390,3,12.6075,264.7575,252.15,12.6075,9.8
423,271-88-8734,1792274006348302037,993280404770468128,10,48.605,1020.705,972.1,48.605,8.7
424,301-81-8610,-149253993290514649,-5365582652372987173,8,10.168,213.528,203.36,10.168,6.7
425,489-64-4354,-2177661642399427046,952364938598721265,1,0.814,17.094,16.28,0.814,5.0
426,198-84-7132,-149253993290514649,5355826043885821147,9,18.2745,383.7645,365.49,18.2745,7.0
427,269-10-8440,-149253993290514649,7714767590960783011,7,18.6095,390.7995,372.19,18.6095,8.9
428,650-98-6268,1792274006348302037,8828239208415986971,3,3.1305,65.7405,62.61,3.1305,8.0
429,741-73-3559,-2177661642399427046,-7828998979183685511,5,16.8175,353.1675,336.35,16.8175,6.9
430,325-77-6186,1792274006348302037,-1234957579207416349,10,45.325,951.825,906.5,45.325,7.3
431,286-75-7818,-2177661642399427046,-635745578822702126,2,6.908,145.068,138.16,6.908,6.9
432,574-57-9721,-2177661642399427046,1956638416301700301,2,4.327,90.867,86.54,4.327,5.7
433,459-50-7686,6809895645874246465,-7429817750453138023,6,7.038,147.798,140.76,7.038,6.4
434,616-87-0016,-2177661642399427046,-427449549806653952,7,33.439,702.219,668.78,33.439,9.6
435,837-55-7229,6809895645874246465,-373133874165943034,1,2.372,49.812,47.44,2.372,6.8
436,751-69-0068,-2177661642399427046,-6149730015945192716,9,44.658,937.818,893.16,44.658,9.0
437,257-73-1380,-149253993290514649,-354864711360019230,4,16.586,348.306,331.72,16.586,9.6
438,345-08-4992,-2177661642399427046,-2006607774040146380,6,10.197,214.137,203.94,10.197,7.7
439,549-96-4200,-149253993290514649,1073536066633418964,4,3.408,71.568,68.16,3.408,7.0
440,810-60-6344,6809895645874246465,8967862908308765137,8,16.344,343.224,326.88,16.344,6.5
441,450-28-2866,-149253993290514649,-2784171612789139251,5,4.36,91.56,87.2,4.36,8.1
442,394-30-3170,1792274006348302037,5793516909084250467,8,35.372,742.812,707.44,35.372,4.3
443,138-17-5109,1792274006348302037,7273045270230511972,9,40.1445,843.0345,802.89,40.1445,6.5
444,192-98-7397,-2177661642399427046,1232514310792144994,1,0.639,13.419,12.78,0.639,9.5
445,301-11-9629,6809895645874246465,-8099395457828571901,7,6.685,140.385,133.7,6.685,9.7
446,390-80-5128,1792274006348302037,6185789045482965650,1,0.9575,20.1075,19.15,0.9575,9.5
447,235-46-8343,-149253993290514649,-4079554640511332255,10,13.83,290.43,276.6,13.83,8.9
448,453-12-7053,-2177661642399427046,-6604077157205588410,3,6.861,144.081,137.22,6.861,6.5
449,296-11-7041,1792274006348302037,934059997899552493,1,1.3535,28.4235,27.07,1.3535,5.3
450,449-27-2918,1792274006348302037,-323156023766461693,1,1.956,41.076,39.12,1.956,9.6
451,891-01-7034,6809895645874246465,6523739307205422685,6,22.413,470.673,448.26,22.413,6.7
452,744-09-5786,-2177661642399427046,-1224662840159678663,6,6.603,138.663,132.06,6.603,7.6
453,727-17-0390,6809895645874246465,-8460926580989360260,5,15.9025,333.9525,318.05,15.9025,4.8
454,568-88-3448,-2177661642399427046,-8183323165590864365,1,1.25,26.25,25.0,1.25,5.5
455,187-83-5490,-149253993290514649,5067421046236202295,4,4.154,87.234,83.08,4.154,4.7
456,767-54-1907,1792274006348302037,-5643333062370267861,5,7.39,155.19,147.8,7.39,6.9
457,710-46-4433,1792274006348302037,-2927148650343852807,9,34.83,731.43,696.6,34.83,4.5
458,533-33-5337,-2177661642399427046,7298732549233503539,10,39.695,833.595,793.9,39.695,6.2
459,325-90-8763,1792274006348302037,-8962495503868069523,10,23.285,488.985,465.7,23.285,7.6
460,729-46-7422,-2177661642399427046,-112552193248799401,1,1.7945,37.6845,35.89,1.7945,7.9
461,639-76-1242,-2177661642399427046,-4618731094965597879,5,10.13,212.73,202.6,10.13,4.5
462,234-03-4040,1792274006348302037,224951596197863885,10,36.525,767.025,730.5,36.525,8.7
463,326-71-2155,6809895645874246465,345258588256234529,4,14.79,310.59,295.8,14.79,6.1
464,320-32-8842,1792274006348302037,-5152418727143896762,1,1.131,23.751,22.62,1.131,6.4
465,470-32-9057,-149253993290514649,4473335089560798383,5,12.835,269.535,256.7,12.835,9.1
466,878-30-2331,1792274006348302037,-6310475566008341151,10,27.275,572.775,545.5,27.275,7.1
467,440-59-5691,1792274006348302037,3079788171164681507,7,13.0025,273.0525,260.05,13.0025,7.7
468,554-53-3790,-2177661642399427046,-2674290850659516228,6,11.106,233.226,222.12,11.106,4.5
469,746-19-0921,-2177661642399427046,3984107265848436886,1,1.079,22.659,21.58,1.079,7.2
470,233-34-0817,1792274006348302037,-1946650572109677176,1,4.942,103.782,98.84,4.942,8.4
471,767-05-1286,1792274006348302037,-5229728741332964880,6,25.131,527.751,502.62,25.131,5.4
472,340-21-9136,1792274006348302037,-5716689087009946195,4,8.01,168.21,160.2,8.01,9.7
473,405-31-3305,-149253993290514649,3043846008057132544,10,21.565,452.865,431.3,21.565,5.5
474,731-59-7531,-149253993290514649,146368174514984375,8,29.028,609.588,580.56,29.028,4.6
475,676-39-6028,1792274006348302037,-6170891134793404485,5,16.11,338.31,322.2,16.11,6.6
476,502-05-1910,-2177661642399427046,4060119494986694699,3,9.777,205.317,195.54,9.777,6.3
477,485-30-8700,6809895645874246465,7191104761917373031,5,8.315,174.615,166.3,8.315,4.2
478,598-47-9715,-2177661642399427046,-3502735873798301226,4,16.814,353.094,336.28,16.814,4.4
479,701-69-8742,-2177661642399427046,-1510734860072735269,10,17.185,360.885,343.7,17.185,6.7
480,575-67-1508,-2177661642399427046,5144321530688243204,1,1.93,40.53,38.6,1.93,6.7
481,541-08-3113,-2177661642399427046,-6460615569262979134,8,26.388,554.148,527.76,26.388,8.4
482,246-11-3901,6809895645874246465,-786040916830051304,10,16.4,344.4,328.0,16.4,6.2
483,674-15-9296,-2177661642399427046,-4026562401271300999,5,9.285,194.985,185.7,9.285,5.0
484,305-18-3552,-149253993290514649,-1081640642390631896,10,30.19,633.99,603.8,30.19,6.0
485,493-65-6248,1792274006348302037,-6760300642351088095,10,18.49,388.29,369.8,18.49,7.0
486,438-01-4015,1792274006348302037,-5206626562272772997,4,9.898,207.858,197.96,9.898,6.6
487,709-58-4068,6809895645874246465,5694832021671500393,10,20.545,431.445,410.9,20.545,7.3
488,795-49-7276,-2177661642399427046,7467819407920318659,4,7.43,156.03,148.6,7.43,8.3
489,556-72-8512,-2177661642399427046,-8114349905305478598,1,1.148,24.108,22.96,1.148,4.3
490,627-95-3243,1792274006348302037,7533442627972661963,9,34.956,734.076,699.12,34.956,9.8
491,686-41-0932,6809895645874246465,-3723926659257322838,2,3.47,72.87,69.4,3.47,8.2
492,510-09-5628,1792274006348302037,-4095010392291694010,10,9.83,206.43,196.6,9.83,7.2
493,608-04-3797,1792274006348302037,-3532026140250115390,8,10.128,212.688,202.56,10.128,8.7
494,148-82-2527,1792274006348302037,-9020179706871593922,10,6.06,127.26,121.2,6.06,8.4
495,437-53-3084,-2177661642399427046,-8109982172773399438,2,9.989,209.769,199.78,9.989,7.1
496,632-32-4574,-2177661642399427046,8638200211990303497,8,30.368,637.728,607.36,30.368,5.5
497,556-97-7101,6809895645874246465,-706315208420741076,2,6.322,132.762,126.44,6.322,8.5
498,862-59-8517,6809895645874246465,-5885817054123577352,6,27.072,568.512,541.44,27.072,6.2
499,401-18-8016,1792274006348302037,2552109606044915584,1,4.9065,103.0365,98.13,4.9065,8.9
500,420-18-8989,1792274006348302037,-3268077329657911184,8,20.608,432.768,412.16,20.608,9.6
501,277-63-2961,-149253993290514649,2566902880872469996,1,3.6985,77.6685,73.97,3.6985,5.4
502,573-98-8548,1792274006348302037,1115590282106171835,1,1.595,33.495,31.9,1.595,9.1
503,620-02-2046,-2177661642399427046,8001070007974627925,2,6.94,145.74,138.8,6.94,9.0
504,282-35-2475,6809895645874246465,5393974444989347576,2,9.331,195.951,186.62,9.331,6.3
505,511-54-3087,-2177661642399427046,8015161201700485934,1,4.4225,92.8725,88.45,4.4225,9.5
506,726-29-6793,-149253993290514649,1605359911183666472,8,9.672,203.112,193.44,9.672,9.8
507,387-49-4215,1792274006348302037,9145298911195877195,3,7.275,152.775,145.5,7.275,6.7
508,862-17-9201,6809895645874246465,1610353838993268221,6,25.215,529.515,504.3,25.215,7.7
509,291-21-5991,-149253993290514649,-5669653011387875302,5,15.3225,321.7725,306.45,15.3225,7.0
510,602-80-9671,1792274006348302037,-6101541607321449908,6,4.785,100.485,95.7,4.785,5.1
511,347-72-6115,1792274006348302037,-8975932448001537944,7,31.759,666.939,635.18,31.759,6.2
512,209-61-0206,6809895645874246465,-7840926907604483189,5,10.7275,225.2775,214.55,10.7275,6.1
513,595-27-4851,6809895645874246465,7799316588710679991,7,18.998,398.958,379.96,18.998,9.3
514,189-52-0236,-2177661642399427046,189474110689066776,7,34.8425,731.6925,696.85,34.8425,7.6
515,503-07-0930,-149253993290514649,-1861875203378650482,7,20.4365,429.1665,408.73,20.4365,8.2
516,413-20-6708,1792274006348302037,3179982085578220838,1,2.5735,54.0435,51.47,2.5735,8.5
517,425-85-2085,-149253993290514649,3225527739152154863,5,13.715,288.015,274.3,13.715,9.8
518,521-18-7827,-149253993290514649,7715689689632143555,5,9.8475,206.7975,196.95,9.8475,8.7
519,220-28-1851,-2177661642399427046,4851856797228525454,2,3.473,72.933,69.46,3.473,9.7
520,600-38-9738,-149253993290514649,-8639319932993484109,5,17.98,377.58,359.6,17.98,4.3
521,734-91-1155,6809895645874246465,-7510532675882695175,3,6.8565,143.9865,137.13,6.8565,7.7
522,451-28-5717,1792274006348302037,4135099363928382420,6,24.951,523.971,499.02,24.951,7.3
523,609-81-8548,1792274006348302037,1644392358514310054,6,11.232,235.872,224.64,11.232,5.9
524,133-14-7229,-2177661642399427046,7698259420546091972,2,6.287,132.027,125.74,6.287,5.0
525,534-01-4457,-2177661642399427046,-6432001972559523799,6,24.513,514.773,490.26,24.513,8.0
526,719-89-8991,1792274006348302037,4515975817623797993,5,22.8525,479.9025,457.05,22.8525,7.1
527,286-62-6248,-2177661642399427046,2727993743930413563,4,7.842,164.682,156.84,7.842,9.0
528,339-38-9982,-149253993290514649,-5494768270425525186,2,5.986,125.706,119.72,5.986,6.7
529,827-44-5872,1792274006348302037,-5380242685635096713,10,27.18,570.78,543.6,27.18,6.1
530,827-77-7633,-2177661642399427046,-140493501853675919,9,44.1405,926.9505,882.81,44.1405,9.3
531,287-83-1405,-2177661642399427046,-294762444632670499,6,7.629,160.209,152.58,7.629,7.0
532,435-13-4908,-149253993290514649,-8037753649444446375,8,34.672,728.112,693.44,34.672,7.2
533,857-67-9057,-2177661642399427046,-1024676168365487572,10,11.475,240.975,229.5,11.475,8.2
534,236-27-1144,6809895645874246465,-3394207125498188495,9,7.3395,154.1295,146.79,7.3395,8.4
535,892-05-6689,6809895645874246465,5873500299110481245,5,7.08,148.68,141.6,7.08,6.2
536,583-41-4548,-2177661642399427046,2955736831039387213,7,5.8345,122.5245,116.69,5.8345,7.4
537,339-12-4827,1792274006348302037,4749409555364932110,1,3.698,77.658,73.96,3.698,5.0
538,643-38-7867,-2177661642399427046,1160752289191977676,1,4.897,102.837,97.94,4.897,6.9
539,308-81-0538,6809895645874246465,4873405389056300773,4,14.61,306.81,292.2,14.61,4.9
540,358-88-9262,1792274006348302037,6264608811556133032,6,26.244,551.124,524.88,26.244,5.1
541,460-35-4390,-2177661642399427046,3475453927852494243,3,4.602,96.642,92.04,4.602,9.1
542,343-87-0864,-149253993290514649,-937336144393288120,1,3.794,79.674,75.88,3.794,7.1
543,173-50-1108,1792274006348302037,-5724502800229545164,4,4.036,84.756,80.72,4.036,5.0
544,243-47-2663,-149253993290514649,-3549503082983426427,6,5.631,118.251,112.62,5.631,5.5
545,841-18-8232,6809895645874246465,2068326646919300351,1,3.56,74.76,71.2,3.56,9.2
546,701-23-5550,-149253993290514649,-362241790007614830,4,7.762,163.002,155.24,7.762,4.9
547,647-50-1224,6809895645874246465,-6534806581098751183,10,14.71,308.91,294.2,14.71,8.9
548,541-48-8554,-2177661642399427046,-2654710381668471866,9,27.4275,575.9775,548.55,27.4275,6.0
549,539-21-7227,6809895645874246465,-5444790420026043845,5,12.885,270.585,257.7,12.885,4.2
550,213-32-1216,6809895645874246465,-2765355601893048832,6,19.818,416.178,396.36,19.818,7.3
551,747-58-7183,-2177661642399427046,4711987150112147218,3,8.5905,180.4005,171.81,8.5905,6.5
552,582-52-8065,6809895645874246465,-3277415690878455046,9,24.4395,513.2295,488.79,24.4395,8.9
553,210-57-1719,6809895645874246465,-4936772507646276216,9,26.208,550.368,524.16,26.208,9.7
554,399-69-4630,-2177661642399427046,-6687581712550402496,6,6.663,139.923,133.26,6.663,8.6
555,134-75-2619,-149253993290514649,-7174168117179889961,7,6.762,142.002,135.24,6.762,6.9
556,356-44-8813,-2177661642399427046,4424868906405496971,3,5.622,118.062,112.44,5.622,7.7
557,198-66-9832,1792274006348302037,3043173319176127424,2,7.204,151.284,144.08,7.204,9.5
558,283-26-5248,1792274006348302037,7694942256599640174,10,49.26,1034.46,985.2,49.26,4.5
559,712-39-0363,-149253993290514649,-1640074979843516886,6,12.498,262.458,249.96,12.498,5.6
560,218-59-9410,1792274006348302037,2545849615763100957,3,10.863,228.123,217.26,10.863,8.2
561,174-75-0888,-2177661642399427046,-5998298645209856725,9,9.711,203.931,194.22,9.711,7.3
562,866-99-7614,-2177661642399427046,-1037674227398983792,10,44.6,936.6,892.0,44.6,4.4
563,134-54-4720,6809895645874246465,7283404160709102992,8,16.968,356.328,339.36,16.968,5.7
564,760-90-2357,-149253993290514649,5050603107677917733,6,22.353,469.413,447.06,22.353,5.0
565,514-37-2845,-2177661642399427046,-5968189551835672435,2,9.925,208.425,198.5,9.925,9.0
566,698-98-5964,6809895645874246465,3669394232465575977,10,40.605,852.705,812.1,40.605,6.3
567,718-57-9773,6809895645874246465,2970996194740574965,10,24.665,517.965,493.3,24.665,9.4
568,651-88-7328,6809895645874246465,3261001927232059045,9,29.583,621.243,591.66,29.583,7.7
569,241-11-2261,6809895645874246465,59826871020349555,7,27.951,586.971,559.02,27.951,5.5
570,408-26-9866,6809895645874246465,5067598476726162411,7,25.893,543.753,517.86,25.893,4.1
571,834-83-1826,1792274006348302037,-3433091997422928235,5,20.51,430.71,410.2,20.51,7.6
572,343-61-3544,-149253993290514649,3257365730103306259,10,13.335,280.035,266.7,13.335,8.6
573,239-48-4278,-149253993290514649,1700821657971362712,7,3.5455,74.4555,70.91,3.5455,8.3
574,355-34-6244,-2177661642399427046,7680483000135771979,2,7.239,152.019,144.78,7.239,8.1
575,550-84-8664,-2177661642399427046,-6030763185804839832,5,21.4775,451.0275,429.55,21.4775,8.6
576,339-96-8318,-149253993290514649,2184133716438099344,7,28.4585,597.6285,569.17,28.4585,6.3
577,458-61-0011,-2177661642399427046,-2978864879096719637,4,12.06,253.26,241.2,12.06,5.8
578,592-34-6155,-2177661642399427046,2386842509364716754,4,6.354,133.434,127.08,6.354,6.2
579,797-88-0493,6809895645874246465,7189066027869451126,4,12.854,269.934,257.08,12.854,7.7
580,207-73-1363,-2177661642399427046,-8491729326246774951,2,6.951,145.971,139.02,6.951,8.1
581,390-31-6381,-2177661642399427046,-3002323508979960957,3,4.083,85.743,81.66,4.083,7.3
582,443-82-0585,1792274006348302037,1851766288858997684,4,15.536,326.256,310.72,15.536,8.4
583,339-18-7061,1792274006348302037,6150083226765704559,2,9.298,195.258,185.96,9.298,8.0
584,359-90-3665,1792274006348302037,-3436636910224510422,4,3.616,75.936,72.32,3.616,9.5
585,375-72-3056,-2177661642399427046,-7985934940188630171,3,9.459,198.639,189.18,9.459,7.0
586,127-47-6963,-2177661642399427046,-3868390698952920604,4,10.342,217.182,206.84,10.342,9.8
587,278-86-2735,6809895645874246465,-4818096322396266111,3,7.851,164.871,157.02,7.851,9.2
588,695-28-6250,6809895645874246465,-6494500792999648087,5,10.765,226.065,215.3,10.765,7.7
589,379-17-6588,-2177661642399427046,1755108523579208766,10,29.805,625.905,596.1,29.805,5.3
590,227-50-3718,-2177661642399427046,6658773334903190489,5,3.655,76.755,73.1,3.655,4.4
591,302-15-2162,-149253993290514649,-1500143584598163093,6,13.959,293.139,279.18,13.959,4.3
592,788-07-8452,1792274006348302037,-7293372524094367299,7,8.484,178.164,169.68,8.484,9.4
593,560-49-6611,1792274006348302037,1288700712445973151,1,2.279,47.859,45.58,2.279,9.8
594,880-35-0356,1792274006348302037,7866711642796145363,3,11.28,236.88,225.6,11.28,4.8
595,585-11-6748,-149253993290514649,-7882624638626880387,3,14.52,304.92,290.4,14.52,5.3
596,470-31-3286,-2177661642399427046,3427919485638932114,3,2.223,46.683,44.46,2.223,8.7
597,152-68-2907,-2177661642399427046,5669044167225912732,3,7.83,164.43,156.6,7.83,9.5
598,123-35-4896,6809895645874246465,6311265275695488585,9,20.997,440.937,419.94,20.997,5.3
599,258-69-7810,6809895645874246465,-3137648977254245796,5,9.2125,193.4625,184.25,9.2125,9.2
600,334-64-2006,1792274006348302037,62639795429385756,2,7.032,147.672,140.64,7.032,9.6
601,219-61-4139,-2177661642399427046,8289391134012455683,1,4.154,87.234,83.08,4.154,6.4
602,881-41-7302,6809895645874246465,-6098158239890305204,1,3.2495,68.2395,64.99,3.2495,4.5
603,373-09-4567,-2177661642399427046,-8544972941699307486,10,38.78,814.38,775.6,38.78,6.9
604,642-30-6693,6809895645874246465,-2044922825264671243,6,16.353,343.413,327.06,16.353,7.8
605,484-22-8230,1792274006348302037,-2788666020943907250,7,18.1615,381.3915,363.23,18.1615,4.5
606,830-58-2383,-2177661642399427046,-960832953393944149,4,6.35,133.35,127.0,6.35,8.6
607,559-98-9873,1792274006348302037,8488599656051225762,7,18.7775,394.3275,375.55,18.7775,5.2
608,544-32-5024,1792274006348302037,8570615993021557529,4,9.958,209.118,199.16,9.958,6.4
609,318-12-0304,-2177661642399427046,-922650227882279555,1,1.5305,32.1405,30.61,1.5305,5.2
610,349-97-8902,-149253993290514649,10580386691520574,2,5.789,121.569,115.78,5.789,8.9
611,421-95-9805,6809895645874246465,-5146767839467146559,1,1.448,30.408,28.96,1.448,6.2
612,277-35-5865,1792274006348302037,6448634038547439968,9,44.5365,935.2665,890.73,44.5365,6.7
613,789-23-8625,-149253993290514649,-6737514855724770238,3,13.983,293.643,279.66,13.983,7.2
614,284-54-4231,-149253993290514649,-1969431438489321289,1,4.0465,84.9765,80.93,4.0465,9.0
615,443-59-0061,-149253993290514649,-4012326218359669591,10,33.725,708.225,674.5,33.725,4.2
616,509-29-3912,1792274006348302037,6693678125012177578,9,17.424,365.904,348.48,17.424,4.2
617,327-40-9673,-149253993290514649,-6827177755680299911,6,21.78,457.38,435.6,21.78,6.9
618,840-19-2096,-149253993290514649,4082890181463437873,5,21.9775,461.5275,439.55,21.9775,4.4
619,828-46-6863,-149253993290514649,-8251106221256219027,6,29.559,620.739,591.18,29.559,4.0
620,641-96-3695,1792274006348302037,-1292749595815716271,6,13.038,273.798,260.76,13.038,8.5
621,420-97-3340,6809895645874246465,1146000934352659899,3,10.752,225.792,215.04,10.752,9.2
622,436-54-4512,1792274006348302037,-7892451202645502236,1,4.5805,96.1905,91.61,4.5805,9.8
623,670-79-6321,1792274006348302037,3950210883186026796,7,33.1065,695.2365,662.13,33.1065,4.9
624,852-62-7105,6809895645874246465,5754735451702240430,10,41.625,874.125,832.5,41.625,4.4
625,598-06-7312,-149253993290514649,-2893173594620391939,1,4.5675,95.9175,91.35,4.5675,6.8
626,135-13-8269,1792274006348302037,-8874623385323850291,2,7.888,165.648,157.76,7.888,9.1
627,816-57-2053,-2177661642399427046,5788521659826272536,2,6.087,127.827,121.74,6.087,8.7
628,628-90-8624,-149253993290514649,-5122846648588405996,10,41.29,867.09,825.8,41.29,5.0
629,856-66-2701,-149253993290514649,408607844598576032,3,7.995,167.895,159.9,7.995,7.5
630,308-39-1707,6809895645874246465,-1403384889498388682,1,0.6045,12.6945,12.09,0.6045,8.2
631,149-61-1929,-2177661642399427046,-7420100980927646179,10,32.095,673.995,641.9,32.095,6.7
632,655-07-2265,-2177661642399427046,-2122189397000380023,3,11.7465,246.6765,234.93,11.7465,5.4
633,589-02-8023,-149253993290514649,7274916437160122721,2,8.377,175.917,167.54,8.377,7.0
634,420-04-7590,-2177661642399427046,-5920852667529845514,3,14.955,314.055,299.1,14.955,4.7
635,182-88-2763,-149253993290514649,5003029164898564713,3,11.9865,251.7165,239.73,11.9865,5.0
636,188-55-0967,-149253993290514649,-8037900125742632813,10,33.235,697.935,664.7,33.235,5.0
637,610-46-4100,-2177661642399427046,2617465808564286999,7,10.1325,212.7825,202.65,10.1325,6.0
638,318-81-2368,6809895645874246465,2287324746398937897,1,2.31,48.51,46.2,2.31,6.3
639,364-33-8584,1792274006348302037,3366373272960190777,5,4.4075,92.5575,88.15,4.4075,8.5
640,665-63-9737,-2177661642399427046,-4302390628040800911,3,7.863,165.123,157.26,7.863,7.5
641,695-09-5146,1792274006348302037,-8601930036422892436,3,14.8185,311.1885,296.37,14.8185,6.4
642,155-45-3814,1792274006348302037,-1195928132106337560,8,35.42,743.82,708.4,35.42,4.7
643,794-32-2436,-149253993290514649,7431853719613443563,2,5.567,116.907,111.34,5.567,6.0
644,131-15-8856,1792274006348302037,8741033605385084209,8,29.008,609.168,580.16,29.008,4.0
645,273-84-2164,-149253993290514649,6678052221038102343,5,3.0125,63.2625,60.25,3.0125,5.5
646,706-36-6154,-149253993290514649,4484783948351197757,9,8.712,182.952,174.24,8.712,8.7
647,778-89-7974,-2177661642399427046,-8856300239301723414,6,21.063,442.323,421.26,21.063,7.4
648,574-31-8277,-149253993290514649,712360221989115554,1,1.6815,35.3115,33.63,1.6815,5.6
649,859-71-0933,1792274006348302037,7390234292456958553,2,1.549,32.529,30.98,1.549,6.3
650,740-11-5257,-2177661642399427046,3574214612024878531,10,12.37,259.77,247.4,12.37,7.1
651,369-82-2676,-2177661642399427046,-958633406413599064,5,18.915,397.215,378.3,18.915,7.8
652,563-47-4072,6809895645874246465,7187541697152358067,6,16.743,351.603,334.86,16.743,9.9
653,742-04-5161,-149253993290514649,2931593900360180024,10,36.39,764.19,727.8,36.39,7.3
654,149-15-7606,-149253993290514649,4065845825056769994,9,16.794,352.674,335.88,16.794,5.1
655,133-77-3154,-149253993290514649,7420217847357870150,4,12.036,252.756,240.72,12.036,9.4
656,169-52-4504,6809895645874246465,-974312724869484425,3,2.3535,49.4235,47.07,2.3535,5.8
657,250-81-7186,6809895645874246465,8149077694776439549,1,4.9845,104.6745,99.69,4.9845,8.0
658,562-12-5430,1792274006348302037,-8090159894394829247,3,13.2225,277.6725,264.45,13.2225,7.9
659,816-72-8853,1792274006348302037,-2074405554028658930,5,6.9825,146.6325,139.65,6.9825,5.9
660,491-38-3499,-149253993290514649,-7256915424398635464,1,2.7725,58.2225,55.45,2.7725,4.9
661,322-02-2271,6809895645874246465,-1725422597718320384,3,6.4455,135.3555,128.91,6.4455,9.3
662,842-29-4695,-149253993290514649,8865586530992375876,7,5.999,125.979,119.98,5.999,7.9
663,725-67-2480,1792274006348302037,3207071351564583114,6,17.625,370.125,352.5,17.625,5.9
664,641-51-2661,1792274006348302037,-3520884047732698993,10,43.55,914.55,871.0,43.55,9.9
665,714-02-3114,6809895645874246465,-6268057911497578328,2,9.88,207.48,197.6,9.88,7.7
666,518-17-2983,6809895645874246465,928538536058755880,4,9.726,204.246,194.52,9.726,7.6
667,779-42-2410,-149253993290514649,-3359487951166622537,3,8.661,181.881,173.22,8.661,7.7
668,190-14-3147,6809895645874246465,-7924906149965544035,4,3.594,75.474,71.88,3.594,6.4
669,408-66-6712,1792274006348302037,-2699166770227156594,6,14.313,300.573,286.26,14.313,4.4
670,679-22-6530,6809895645874246465,-8315268855673931172,2,4.062,85.302,81.24,4.062,4.1
671,588-47-8641,-149253993290514649,3277510097646750084,10,28.02,588.42,560.4,28.02,4.4
672,642-61-4706,-149253993290514649,3796670419827785944,2,9.34,196.14,186.8,9.34,5.5
673,576-31-4774,6809895645874246465,871118436897742688,3,11.0115,231.2415,220.23,11.0115,4.0
674,556-41-6224,-2177661642399427046,-8265206260995751260,8,13.456,282.576,269.12,13.456,9.3
675,811-03-8790,6809895645874246465,-2437368972246093884,10,22.74,477.54,454.8,22.74,4.8
676,242-11-3142,-149253993290514649,-6523373843690992007,2,8.377,175.917,167.54,8.377,4.6
677,752-23-3760,1792274006348302037,3391022014180092418,7,22.428,470.988,448.56,22.428,7.3
678,274-05-5470,1792274006348302037,-5743696510324264203,4,14.694,308.574,293.88,14.694,6.0
679,648-94-3045,-2177661642399427046,424251307777111580,10,29.475,618.975,589.5,29.475,8.1
680,130-67-4723,-149253993290514649,-4868339302041588652,6,14.55,305.55,291.0,14.55,9.4
681,528-87-5606,1792274006348302037,8561674900969593020,1,1.974,41.454,39.48,1.974,6.5
682,320-85-2052,6809895645874246465,-5169865233986032476,1,1.7405,36.5505,34.81,1.7405,7.0
683,370-96-0655,6809895645874246465,-1804652979409224332,6,14.796,310.716,295.92,14.796,7.1
684,105-10-6182,-149253993290514649,7873892182219088672,2,2.148,45.108,42.96,2.148,6.6
685,510-79-0415,1792274006348302037,-7179779736178798664,6,6.924,145.404,138.48,6.924,4.9
686,241-96-5076,1792274006348302037,-4337863362635598290,2,4.91,103.11,98.2,4.91,6.4
687,767-97-4650,1792274006348302037,8884850471844178434,2,6.483,136.143,129.66,6.483,8.0
688,648-83-1321,-149253993290514649,6336260301200003325,10,31.78,667.38,635.6,31.78,4.3
689,173-57-2300,-149253993290514649,9092029412494445635,2,7.288,153.048,145.76,7.288,6.1
690,305-03-2383,6809895645874246465,-2029449900543716909,3,10.065,211.365,201.3,10.065,7.5
691,394-55-6384,1792274006348302037,27599219566218533,9,31.5855,663.2955,631.71,31.5855,6.7
692,266-20-6657,-149253993290514649,3522130333761009562,7,19.264,404.544,385.28,19.264,5.2
693,689-05-1884,-149253993290514649,7941222084377813519,10,24.315,510.615,486.3,24.315,8.8
694,196-01-2849,1792274006348302037,536809785183451958,7,25.683,539.343,513.66,25.683,9.5
695,372-62-5264,6809895645874246465,1789235711079321891,9,23.67,497.07,473.4,23.67,7.6
696,800-09-8606,1792274006348302037,4571086628170784028,5,21.8425,458.6925,436.85,21.8425,6.6
697,182-52-7000,1792274006348302037,7317263860913802025,4,5.408,113.568,108.16,5.408,6.9
698,826-58-8051,-2177661642399427046,-3057820335352766582,4,12.438,261.198,248.76,12.438,4.3
699,868-06-0466,-149253993290514649,7127129276670202703,9,31.311,657.531,626.22,31.311,7.8
700,751-41-9720,-2177661642399427046,-9140630587627313191,10,48.75,1023.75,975.0,48.75,8.0
701,626-43-7888,6809895645874246465,-9141534081346021346,8,24.164,507.444,483.28,24.164,9.6
702,176-64-7711,-2177661642399427046,-1237822524831746780,3,4.848,101.808,96.96,4.848,4.3
703,191-29-0321,1792274006348302037,-857746696674249119,10,9.885,207.585,197.7,9.885,5.0
704,729-06-2010,-149253993290514649,1469709600284072007,9,36.2115,760.4415,724.23,36.2115,9.2
705,640-48-5028,1792274006348302037,1899656891814323129,9,39.7755,835.2855,795.51,39.7755,6.3
706,186-79-9562,-2177661642399427046,-357704005634480304,7,25.1195,527.5095,502.39,25.1195,8.9
707,834-45-5519,6809895645874246465,8358978238258534714,4,8.6,180.6,172.0,8.6,7.6
708,162-65-8559,-149253993290514649,-236069873162354363,1,3.449,72.429,68.98,3.449,4.8
709,760-27-5490,-2177661642399427046,6153730542686131275,8,6.248,131.208,124.96,6.248,9.1
710,445-30-9252,-2177661642399427046,1449964085747203090,3,3.855,80.955,77.1,3.855,6.1
711,786-94-2700,-149253993290514649,-6777157849587214157,6,24.186,507.906,483.72,24.186,9.1
712,728-88-7867,1792274006348302037,-4541423279097705284,4,15.106,317.226,302.12,15.106,8.3
713,183-21-3799,6809895645874246465,-4066406567754224887,9,34.9335,733.6035,698.67,34.9335,7.2
714,268-20-3585,6809895645874246465,6456582883515252938,9,6.2325,130.8825,124.65,6.2325,6.0
715,735-32-9839,-149253993290514649,-2321423740915176275,8,39.48,829.08,789.6,39.48,8.5
716,258-92-7466,6809895645874246465,3132194416115064379,5,8.92,187.32,178.4,8.92,6.6
717,857-16-3520,1792274006348302037,-5210505040448821789,7,25.011,525.231,500.22,25.011,4.5
718,482-17-1179,-149253993290514649,-7054965590148454367,3,1.791,37.611,35.82,1.791,8.1
719,788-21-5741,-2177661642399427046,-2591464058818299349,3,6.807,142.947,136.14,6.807,7.2
720,821-14-9046,1792274006348302037,9043116110944852682,6,5.244,110.124,104.88,5.244,6.1
721,418-05-0656,6809895645874246465,-1826437227994015154,7,8.946,187.866,178.92,8.946,7.1
722,678-79-0726,1792274006348302037,1835190547106200653,9,40.7835,856.4535,815.67,40.7835,5.1
723,776-68-1096,-2177661642399427046,-7454635897395597238,3,6.618,138.978,132.36,6.618,7.9
724,592-46-1692,1792274006348302037,-3653354671609710996,7,12.8695,270.2595,257.39,12.8695,7.4
725,434-35-9162,-149253993290514649,3882758934492907733,4,4.668,98.028,93.36,4.668,7.4
726,149-14-0304,1792274006348302037,8284232186324887959,8,11.4,239.4,228.0,11.4,6.6
727,442-44-6497,-149253993290514649,-7315541872652393108,3,8.3355,175.0455,166.71,8.3355,5.9
728,174-64-0215,-2177661642399427046,-2591424271839859494,10,34.87,732.27,697.4,34.87,8.9
729,210-74-9613,-2177661642399427046,-683703300126913951,4,19.452,408.492,389.04,19.452,6.8
730,299-29-0180,1792274006348302037,-4746761360891637622,7,18.263,383.523,365.26,18.263,9.3
731,247-11-2470,1792274006348302037,-2867845003741410594,4,4.464,93.744,89.28,4.464,4.4
732,635-28-5728,-2177661642399427046,-3890997687000073985,3,8.4,176.4,168.0,8.4,4.8
733,756-49-0168,-149253993290514649,-8360563133035363918,1,0.985,20.685,19.7,0.985,9.5
734,438-23-1242,-2177661642399427046,-8532492705903892770,7,26.558,557.718,531.16,26.558,8.9
735,238-45-6950,-149253993290514649,-101424372065321280,1,2.686,56.406,53.72,2.686,6.4
736,607-65-2441,-149253993290514649,-4345690141255264811,10,40.975,860.475,819.5,40.975,6.0
737,386-27-7606,1792274006348302037,-4157842259805686548,7,28.42,596.82,568.4,28.42,8.1
738,137-63-5492,-2177661642399427046,-1964936907856193559,10,29.38,616.98,587.6,29.38,9.0
739,197-77-7132,-149253993290514649,-9019769126730896277,8,36.624,769.104,732.48,36.624,6.0
740,805-86-0265,-2177661642399427046,4551620510533977153,9,42.282,887.922,845.64,42.282,9.8
741,733-29-1227,-2177661642399427046,6865649460313488600,7,19.4635,408.7335,389.27,19.4635,8.5
742,451-73-2711,-2177661642399427046,7428164802142913991,1,4.2415,89.0715,84.83,4.2415,8.8
743,373-14-0504,1792274006348302037,-8612478623312370454,2,7.163,150.423,143.26,7.163,8.8
744,546-80-2899,-149253993290514649,-5605484435490423898,2,3.769,79.149,75.38,3.769,9.5
745,345-68-9016,1792274006348302037,8595782557479540674,8,12.668,266.028,253.36,12.668,5.6
746,390-17-5806,1792274006348302037,-11710073216391003,1,1.921,40.341,38.42,1.921,8.6
747,457-13-1708,-149253993290514649,-406937255230567719,10,32.615,684.915,652.3,32.615,5.2
748,664-14-2882,1792274006348302037,3763112097041235886,5,2.6325,55.2825,52.65,2.6325,5.8
749,487-79-6868,1792274006348302037,-5572658659531085388,9,5.5305,116.1405,110.61,5.5305,8.0
750,314-23-4520,-149253993290514649,-5117178710449422945,7,28.4305,597.0405,568.61,28.4305,9.0
751,210-30-7976,1792274006348302037,-2867845003741410594,4,4.464,93.744,89.28,4.464,4.1
752,585-86-8361,6809895645874246465,9090028173610383504,5,6.82,143.22,136.4,6.82,8.6
753,807-14-7833,1792274006348302037,3436421480521850661,10,8.71,182.91,174.2,8.71,7.0
754,775-72-1988,-2177661642399427046,1093886787777726609,5,18.32,384.72,366.4,18.32,8.4
755,288-38-3758,1792274006348302037,-6149447396474907103,3,12.7305,267.3405,254.61,12.7305,7.4
756,652-43-6591,6809895645874246465,4038636588343013931,8,38.916,817.236,778.32,38.916,6.2
757,785-96-0615,1792274006348302037,4981717631544315493,8,14.296,300.216,285.92,14.296,4.9
758,406-46-7107,6809895645874246465,621759639612107339,6,28.956,608.076,579.12,28.956,4.5
759,250-17-5703,-149253993290514649,2322255506295928122,10,9.425,197.925,188.5,9.425,5.6
760,156-95-3964,6809895645874246465,-5550976826137865197,4,11.078,232.638,221.56,11.078,8.0
761,842-40-8179,1792274006348302037,-8930717226296386553,10,38.6,810.6,772.0,38.6,5.6
762,525-09-8450,-2177661642399427046,-1951099095755848223,10,36.065,757.365,721.3,36.065,4.2
763,410-67-1709,1792274006348302037,-8752831849526826443,8,25.552,536.592,511.04,25.552,9.9
764,587-73-4862,1792274006348302037,-3115930373719482318,5,2.6725,56.1225,53.45,2.6725,7.6
765,787-87-2010,-149253993290514649,-2053290574417620570,4,11.1,233.1,222.0,11.1,6.6
766,593-14-4239,6809895645874246465,-6577518014005540756,8,38.184,801.864,763.68,38.184,4.7
767,801-88-0346,6809895645874246465,4095593683066598881,3,11.409,239.589,228.18,11.409,9.8
768,388-76-2555,-2177661642399427046,7358777981571789486,6,4.107,86.247,82.14,4.107,6.3
769,711-31-1234,6809895645874246465,-273354463234448487,4,19.128,401.688,382.56,19.128,7.9
770,886-54-6089,6809895645874246465,-4120695831545711040,6,3.429,72.009,68.58,3.429,7.7
771,707-32-7409,1792274006348302037,8937734870572375007,4,19.108,401.268,382.16,19.108,4.5
772,759-98-4285,1792274006348302037,-8428195260112913958,7,30.0545,631.1445,601.09,30.0545,8.0
773,201-63-8275,1792274006348302037,6990876280735656111,7,23.7965,499.7265,475.93,23.7965,5.7
774,471-06-8611,6809895645874246465,-8950844420899237799,1,2.621,55.041,52.42,2.621,6.3
775,200-16-5952,-149253993290514649,376675630463562096,2,6.565,137.865,131.3,6.565,6.0
776,120-54-2248,6809895645874246465,4011196531834799162,5,7.215,151.515,144.3,7.215,8.0
777,102-77-2261,-149253993290514649,-8927716590489176559,7,22.8585,480.0285,457.17,22.8585,4.2
778,875-31-8302,-2177661642399427046,-5637826632351684655,1,4.669,98.049,93.38,4.669,9.6
779,102-06-2002,-149253993290514649,2718373080523435922,5,6.3125,132.5625,126.25,6.3125,6.1
780,457-94-0464,-149253993290514649,4037958979215335067,9,39.5415,830.3715,790.83,39.5415,5.6
781,629-42-4133,-2177661642399427046,-3307228700815024458,8,8.72,183.12,174.4,8.72,8.3
782,534-53-3526,6809895645874246465,6256949600054777667,4,18.952,397.992,379.04,18.952,7.8
783,307-04-2070,1792274006348302037,1555944591247380234,1,1.531,32.151,30.62,1.531,4.1
784,468-99-7231,6809895645874246465,3356487097712141359,8,17.604,369.684,352.08,17.604,8.8
785,516-77-6464,1792274006348302037,-2550838322672701791,5,2.54,53.34,50.8,2.54,4.1
786,404-91-5964,-2177661642399427046,-5981197969663114498,7,26.103,548.163,522.06,26.103,9.0
787,886-77-9084,-2177661642399427046,-464215798340068217,8,28.756,603.876,575.12,28.756,5.5
788,790-38-4466,6809895645874246465,-7754407706353858261,5,2.7475,57.6975,54.95,2.7475,9.3
789,704-10-4056,-149253993290514649,-8483242924146170862,3,9.0705,190.4805,181.41,9.0705,5.6
790,497-37-6538,-2177661642399427046,-7093955210137026094,7,20.6185,432.9885,412.37,20.6185,9.7
791,651-96-5970,-2177661642399427046,-202399733663174550,1,2.3205,48.7305,46.41,2.3205,4.0
792,400-80-4065,-149253993290514649,3492305193608881046,4,13.71,287.91,274.2,13.71,9.2
793,744-16-7898,6809895645874246465,3847205497848558067,10,48.685,1022.385,973.7,48.685,4.9
794,263-12-5321,-149253993290514649,180474737269693651,7,32.41,680.61,648.2,32.41,9.3
795,702-72-0487,6809895645874246465,5218695829097812185,2,4.661,97.881,93.22,4.661,6.6
796,605-83-1050,-2177661642399427046,8559354930272634536,2,2.718,57.078,54.36,2.718,4.3
797,443-60-9639,1792274006348302037,364654247455759401,1,3.0435,63.9135,60.87,3.0435,5.5
798,864-24-7918,1792274006348302037,-9119381905728588116,10,12.245,257.145,244.9,12.245,8.1
799,359-94-5395,-2177661642399427046,-4241516585942466339,1,4.639,97.419,92.78,4.639,9.8
800,401-09-4232,-149253993290514649,7025226840401307292,5,21.6725,455.1225,433.45,21.6725,9.4
801,751-15-6198,-2177661642399427046,-7614466107181024012,6,6.903,144.963,138.06,6.903,7.9
802,324-41-6833,1792274006348302037,6942119684577961311,8,12.08,253.68,241.6,12.08,5.1
803,474-33-8305,-149253993290514649,6990519965617974452,7,23.5865,495.3165,471.73,23.5865,6.9
804,759-29-9521,1792274006348302037,-6055728973464581632,9,22.032,462.672,440.64,22.032,8.0
805,831-81-6575,1792274006348302037,-8373576402782118449,9,34.0155,714.3255,680.31,34.0155,8.0
806,220-68-6701,6809895645874246465,-970821543833564198,4,15.494,325.374,309.88,15.494,4.2
807,618-34-8551,6809895645874246465,-64933543244332782,2,9.318,195.678,186.36,9.318,8.5
808,257-60-7754,6809895645874246465,-8295819424574677133,4,10.046,210.966,200.92,10.046,9.0
809,559-61-5987,6809895645874246465,6694982438159606496,1,0.8875,18.6375,17.75,0.8875,8.6
810,189-55-2313,6809895645874246465,4636427191502804081,10,31.09,652.89,621.8,31.09,6.0
811,565-91-4567,-2177661642399427046,-258001116345929978,8,4.3,90.3,86.0,4.3,6.2
812,380-60-5336,6809895645874246465,-7204283902222361256,10,20.13,422.73,402.6,20.13,5.0
813,815-04-6282,1792274006348302037,-1602290017778000409,5,16.2425,341.0925,324.85,16.2425,6.5
814,674-56-6360,-2177661642399427046,-1719649353080839784,1,4.7575,99.9075,95.15,4.7575,6.0
815,778-34-2523,1792274006348302037,2243727309997884582,8,19.448,408.408,388.96,19.448,5.0
816,499-27-7781,6809895645874246465,7587149677098681495,8,21.284,446.964,425.68,21.284,5.0
817,477-59-2456,6809895645874246465,-1987700601295245093,7,15.904,333.984,318.08,15.904,9.2
818,832-51-6761,-2177661642399427046,7260773708835496330,8,13.552,284.592,271.04,13.552,9.6
819,869-11-3082,-149253993290514649,-1047303601114267879,4,19.232,403.872,384.64,19.232,8.4
820,190-59-3964,-149253993290514649,4508306640600752811,5,11.79,247.59,235.8,11.79,6.0
821,366-43-6862,-2177661642399427046,3136501721966544164,4,10.578,222.138,211.56,10.578,6.7
822,186-43-8965,1792274006348302037,-1739830319583420197,2,4.768,100.128,95.36,4.768,4.1
823,784-21-9238,-149253993290514649,-2599479560260024837,1,0.5085,10.6785,10.17,0.5085,5.9
824,276-75-6884,6809895645874246465,2272838285237794495,3,10.3065,216.4365,206.13,10.3065,8.7
825,109-86-4363,1792274006348302037,4560245942905856428,7,21.028,441.588,420.56,21.028,4.5
826,569-76-2760,1792274006348302037,1676965304776040482,4,4.402,92.442,88.04,4.402,6.6
827,222-42-0244,1792274006348302037,-7978301611936173831,9,32.4495,681.4395,648.99,32.4495,7.7
828,760-53-9233,-149253993290514649,-6601367166288721195,3,6.192,130.032,123.84,6.192,8.5
829,538-22-0304,-2177661642399427046,9073509712729107898,10,32.475,681.975,649.5,32.475,5.2
830,416-17-9926,1792274006348302037,679087034374663260,10,37.11,779.31,742.2,37.11,4.3
831,237-44-6163,-2177661642399427046,-393023532128737033,8,4.224,88.704,84.48,4.224,7.6
832,636-17-0325,-2177661642399427046,5356480127814173878,4,12.514,262.794,250.28,12.514,9.5
833,343-75-9322,1792274006348302037,4546845122795433502,8,4.74,99.54,94.8,4.74,4.1
834,528-14-9470,-149253993290514649,1573883155596870479,1,4.565,95.865,91.3,4.565,9.2
835,427-45-9297,1792274006348302037,5297199595632063503,7,14.2555,299.3655,285.11,14.2555,5.4
836,807-34-3742,-2177661642399427046,-36837887297131003,1,2.619,54.999,52.38,2.619,5.8
837,288-62-1085,-149253993290514649,7682829552014629242,5,9.635,202.335,192.7,9.635,5.6
838,670-71-7306,-2177661642399427046,-2585439805561634639,6,13.389,281.169,267.78,13.389,5.1
839,660-29-7083,-2177661642399427046,-2451523312485681024,10,27.935,586.635,558.7,27.935,5.8
840,271-77-8740,1792274006348302037,-5820862642322744667,6,8.766,184.086,175.32,8.766,5.0
841,497-36-0989,-2177661642399427046,-243039222842112029,3,7.791,163.611,155.82,7.791,7.9
842,291-59-1384,-2177661642399427046,5485473283554538368,1,3.015,63.315,60.3,3.015,6.0
843,860-73-6466,1792274006348302037,4652123507059847036,2,3.947,82.887,78.94,3.947,5.0
844,549-23-9016,1792274006348302037,3546831367780024929,2,1.487,31.227,29.74,1.487,8.9
845,896-34-0956,-2177661642399427046,2025229025231285772,1,1.066,22.386,21.32,1.066,5.9
846,804-38-3935,-149253993290514649,-930675008366704436,3,14.067,295.407,281.34,14.067,5.9
847,585-90-0249,-149253993290514649,1394481762596285132,1,3.663,76.923,73.26,3.663,9.7
848,862-29-5914,6809895645874246465,-6925183039840478241,1,1.119,23.499,22.38,1.119,8.6
849,845-94-6841,1792274006348302037,9126777889982163276,9,32.796,688.716,655.92,32.796,4.0
850,125-45-2293,6809895645874246465,-5027773946702042832,6,29.73,624.33,594.6,29.73,4.2
851,843-73-4724,-2177661642399427046,-8874756626889295163,1,3.705,77.805,74.1,3.705,9.2
852,409-33-9708,6809895645874246465,-1749921843515209232,2,9.848,206.808,196.96,9.848,9.2
853,658-66-3967,-2177661642399427046,-8510332190132533138,7,18.6165,390.9465,372.33,18.6165,5.0
854,866-70-2814,6809895645874246465,-9088654602864498517,10,26.395,554.295,527.9,26.395,10.0
855,160-22-2687,1792274006348302037,5161919584771440009,5,23.9875,503.7375,479.75,23.9875,8.8
856,895-03-6665,6809895645874246465,1345922936415399301,9,16.4295,345.0195,328.59,16.4295,4.2
857,770-42-8960,-2177661642399427046,2839694104763572717,8,8.448,177.408,168.96,8.448,6.3
858,748-45-2862,1792274006348302037,-8005809305093873335,4,5.662,118.902,113.24,5.662,8.2
859,234-36-2483,-2177661642399427046,-2070776349937597784,6,17.277,362.817,345.54,17.277,5.1
860,316-66-3011,1792274006348302037,1173158772173015358,9,21.4335,450.1035,428.67,21.4335,5.0
861,848-95-6252,1792274006348302037,8595517563939067252,1,4.3135,90.5835,86.27,4.3135,7.0
862,840-76-5966,-149253993290514649,1307924373196049035,2,1.276,26.796,25.52,1.276,7.8
863,152-03-4217,6809895645874246465,1721557479088905344,9,5.076,106.596,101.52,5.076,4.3
864,533-66-5566,6809895645874246465,3955078261098470678,7,17.8745,375.3645,357.49,17.8745,7.0
865,124-31-1458,1792274006348302037,8903943742201669157,3,11.9385,250.7085,238.77,11.9385,6.6
866,176-78-1170,-149253993290514649,18379828577181267,3,5.0715,106.5015,101.43,5.0715,7.3
867,361-59-0574,-149253993290514649,1098622447342448177,8,36.212,760.452,724.24,36.212,6.5
868,101-81-4070,1792274006348302037,-1893396666190560074,2,6.282,131.922,125.64,6.282,4.9
869,631-34-1880,-149253993290514649,5668059802124978276,3,3.6465,76.5765,72.93,3.6465,4.3
870,852-82-2749,-2177661642399427046,188678787993053185,4,12.918,271.278,258.36,12.918,9.3
871,873-14-6353,-149253993290514649,-9000770872405318536,7,8.687,182.427,173.74,8.687,7.1
872,584-66-4073,-2177661642399427046,8842381418440015007,1,2.825,59.325,56.5,2.825,9.6
873,544-55-9589,1792274006348302037,9078377090641551780,10,10.715,225.015,214.3,10.715,6.2
874,166-19-2553,-149253993290514649,-9032026288974074206,6,26.718,561.078,534.36,26.718,9.9
875,737-88-5876,-149253993290514649,-4187256416735681052,4,4.658,97.818,93.16,4.658,5.9
876,154-87-7367,-2177661642399427046,1210690352613019162,8,26.104,548.184,522.08,26.104,6.3
877,885-56-0389,-149253993290514649,-4759177775767058885,1,2.6175,54.9675,52.35,2.6175,4.0
878,608-05-3804,-149253993290514649,-7823070832045535004,1,1.9875,41.7375,39.75,1.9875,6.1
879,448-61-3783,6809895645874246465,-1248334377056720432,8,36.008,756.168,720.16,36.008,4.5
880,761-49-0439,1792274006348302037,7057386659281994894,8,4.84,101.64,96.8,4.84,8.6
881,490-95-0021,1792274006348302037,-2365802847331561374,10,16.605,348.705,332.1,16.605,6.0
882,115-38-7388,1792274006348302037,-7319776801651491337,8,4.072,85.512,81.44,4.072,9.5
883,311-13-6971,-149253993290514649,1780592134477032070,10,15.995,335.895,319.9,15.995,9.9
884,291-55-6563,1792274006348302037,-4301102034348857769,6,10.326,216.846,206.52,10.326,7.5
885,548-48-3156,1792274006348302037,-525770843805475731,2,8.334,175.014,166.68,8.334,7.6
886,460-93-5834,-2177661642399427046,1288700712445973151,7,15.953,335.013,319.06,15.953,5.0
887,325-89-4209,-149253993290514649,295960705034004944,1,4.395,92.295,87.9,4.395,6.7
888,884-80-6021,1792274006348302037,2720641652326993802,10,36.735,771.435,734.7,36.735,9.5
889,137-74-8729,6809895645874246465,-5458680278518994947,8,4.876,102.396,97.52,4.876,6.8
890,880-46-5796,-149253993290514649,-3300903105617249694,10,38.46,807.66,769.2,38.46,5.6
891,389-70-2397,6809895645874246465,4298075297645477566,5,20.915,439.215,418.3,20.915,7.2
892,114-35-5271,6809895645874246465,-5102509326100048873,8,23.164,486.444,463.28,23.164,8.1
893,607-76-6216,1792274006348302037,173355960494284468,5,23.1225,485.5725,462.45,23.1225,8.6
894,715-20-1673,-2177661642399427046,2019246398702035454,5,7.095,148.995,141.9,7.095,9.4
895,811-35-1094,-149253993290514649,-8779447881982048762,6,15.135,317.835,302.7,15.135,8.9
896,699-88-1972,-2177661642399427046,2676546499132664477,8,39.664,832.944,793.28,39.664,4.2
897,781-84-8059,-2177661642399427046,-9035570748786436781,7,21.259,446.439,425.18,21.259,5.0
898,409-49-6995,1792274006348302037,787414487575936291,6,14.181,297.801,283.62,14.181,8.8
899,725-54-0677,-149253993290514649,7868677032909618652,7,29.96,629.16,599.2,29.96,5.3
900,146-09-5432,-149253993290514649,-2032464807684865179,9,15.768,331.128,315.36,15.768,4.6
901,377-79-7592,1792274006348302037,2929322781316276963,9,20.178,423.738,403.56,20.178,7.5
902,509-10-0516,-2177661642399427046,-6073111815492389860,4,9.194,193.074,183.88,9.194,5.1
903,595-94-9924,1792274006348302037,8082041734936950408,5,6.9325,145.5825,138.65,6.9325,4.2
904,865-41-9075,-2177661642399427046,4328653957926770296,7,4.0355,84.7455,80.71,4.0355,8.1
905,545-07-8534,6809895645874246465,-2023491317514391079,2,5.832,122.472,116.64,5.832,6.0
906,118-62-1812,1792274006348302037,7168871714917713500,4,15.676,329.196,313.52,15.676,7.9
907,450-42-3339,-2177661642399427046,8260089255645680770,10,42.305,888.405,846.1,42.305,8.8
908,851-98-3555,6809895645874246465,1617290027127880226,5,20.72,435.12,414.4,20.72,6.6
909,186-71-5196,1792274006348302037,2248664277888453897,2,7.954,167.034,159.08,7.954,6.2
910,624-01-8356,6809895645874246465,8694903925088375774,10,24.505,514.605,490.1,24.505,4.2
911,313-66-9943,1792274006348302037,-6242901312561285000,3,4.3725,91.8225,87.45,4.3725,7.3
912,151-27-8496,6809895645874246465,5461341964790291928,4,11.226,235.746,224.52,11.226,8.6
913,453-33-6436,6809895645874246465,-6180437853130495587,8,37.248,782.208,744.96,37.248,6.8
914,522-57-8364,-149253993290514649,-2278925902655459520,8,20.536,431.256,410.72,20.536,7.6
915,459-45-2396,1792274006348302037,-1330879870876027880,3,14.94,313.74,298.8,14.94,5.8
916,717-96-4189,6809895645874246465,-6215149648160502171,6,10.647,223.587,212.94,10.647,4.1
917,722-13-2115,-149253993290514649,-373151047106535613,1,2.1425,44.9925,42.85,2.1425,9.3
918,749-81-8133,6809895645874246465,-1476182317674972019,4,18.934,397.614,378.68,18.934,6.8
919,777-67-2495,-2177661642399427046,3205333426200417237,3,10.3455,217.2555,206.91,10.3455,8.7
920,636-98-3364,1792274006348302037,1756951222184518166,3,3.939,82.719,78.78,3.939,6.3
921,246-55-6923,1792274006348302037,-1997252239879009939,9,16.1055,338.2155,322.11,16.1055,5.1
922,181-82-6255,6809895645874246465,-3806500621400931635,6,4.911,103.131,98.22,4.911,7.0
923,838-02-1821,1792274006348302037,-2251532408078088558,2,1.273,26.733,25.46,1.273,5.2
924,887-42-0517,6809895645874246465,-6564087897245727118,7,29.099,611.079,581.98,29.099,6.6
925,457-12-0244,1792274006348302037,8672866846805976870,6,10.566,221.886,211.32,10.566,6.5
926,226-34-0034,6809895645874246465,-4243032731372098383,4,2.756,57.876,55.12,2.756,9.0
927,321-49-7382,-149253993290514649,55557617613113161,1,4.4155,92.7255,88.31,4.4155,5.2
928,397-25-8725,1792274006348302037,1271333589873650699,9,17.829,374.409,356.58,17.829,6.8
929,431-66-2305,6809895645874246465,-7936064807822623782,9,39.7125,833.9625,794.25,39.7125,7.6
930,825-94-5922,-2177661642399427046,-6305791992970292556,2,2.531,53.151,50.62,2.531,7.2
931,641-62-7288,-2177661642399427046,-2093997181945444429,6,29.976,629.496,599.52,29.976,7.1
932,756-93-1854,1792274006348302037,6491303551465992906,2,8.335,175.035,166.7,8.335,9.5
933,243-55-8457,6809895645874246465,-3958395642692193660,10,37.22,781.62,744.4,37.22,5.1
934,458-10-8612,-2177661642399427046,8084550430754977923,7,22.428,470.988,448.56,22.428,7.6
935,501-61-1753,6809895645874246465,7715373161492901751,6,18.945,397.845,378.9,18.945,9.8
936,235-06-8510,-149253993290514649,841568589784868621,3,12.858,270.018,257.16,12.858,5.1
937,433-08-7822,6809895645874246465,-6113505233367358140,7,27.6115,579.8415,552.23,27.6115,7.5
938,361-85-2571,6809895645874246465,3446069678213349322,5,22.37,469.77,447.4,22.37,7.4
939,131-70-8179,1792274006348302037,6755364021968160234,3,13.8135,290.0835,276.27,13.8135,4.2
940,500-02-2261,6809895645874246465,-2113179733114422331,6,17.187,360.927,343.74,17.187,5.9
941,720-72-2436,-2177661642399427046,1293333404891219497,4,13.304,279.384,266.08,13.304,6.9
942,702-83-5291,-149253993290514649,-4256285377507884698,9,44.919,943.299,898.38,44.919,6.6
943,809-69-9497,6809895645874246465,1043960336271645872,10,22.84,479.64,456.8,22.84,5.7
944,449-16-6770,-2177661642399427046,3937964520151660899,5,12.6975,266.6475,253.95,12.6975,5.3
945,333-23-2632,-149253993290514649,3748202135688172567,7,3.528,74.088,70.56,3.528,4.2
946,489-82-1237,6809895645874246465,-7240136197237808785,7,32.858,690.018,657.16,32.858,7.3
947,859-97-6048,-149253993290514649,-6766840879096859772,2,8.425,176.925,168.5,8.425,5.3
948,676-10-2200,-149253993290514649,-8809720372416418210,1,2.689,56.469,53.78,2.689,4.7
949,373-88-1424,-149253993290514649,7314622894820147605,5,8.9525,188.0025,179.05,8.9525,7.9
950,365-16-4334,6809895645874246465,5952455755366528190,8,10.572,222.012,211.44,10.572,8.9
951,503-21-4385,-149253993290514649,1200290726744471792,3,5.9865,125.7165,119.73,5.9865,9.3
952,305-89-2768,1792274006348302037,-8267598270288269868,3,3.285,68.985,65.7,3.285,4.7
953,574-80-1489,1792274006348302037,-8832194118898126719,4,12.57,263.97,251.4,12.57,8.7
954,784-08-0310,1792274006348302037,-95687862092345046,4,4.208,88.368,84.16,4.208,7.6
955,200-40-6154,-149253993290514649,1437518334088323908,6,19.773,415.233,395.46,19.773,5.7
956,846-10-0341,6809895645874246465,6837588128774424986,7,14.8995,312.8895,297.99,14.8995,6.8
957,577-34-7579,-149253993290514649,1335762671316943069,9,22.7205,477.1305,454.41,22.7205,5.4
958,430-02-3888,-2177661642399427046,-8452755385579621793,6,13.806,289.926,276.12,13.806,7.1
959,867-47-1948,6809895645874246465,8975134128529958597,10,7.9,165.9,158.0,7.9,7.8
960,384-59-6655,1792274006348302037,4253831055612318156,9,44.397,932.337,887.94,44.397,8.4
961,256-58-3609,-149253993290514649,-357557529336293866,1,4.599,96.579,91.98,4.599,9.8
962,324-92-3863,-149253993290514649,-3265107129741876513,2,2.089,43.869,41.78,2.089,9.8
963,593-08-5916,6809895645874246465,-1728420331918876075,1,0.775,16.275,15.5,0.775,7.4
964,364-34-2972,-149253993290514649,-8562608490946364065,3,14.523,304.983,290.46,14.523,6.7
965,794-42-3736,-2177661642399427046,680282985041021983,2,3.333,69.993,66.66,3.333,6.4
966,172-42-8274,6809895645874246465,-6318155033497970900,2,3.827,80.367,76.54,3.827,5.8
967,558-60-5016,6809895645874246465,1900041991787558116,9,14.985,314.685,299.7,14.985,7.2
968,195-06-0432,-149253993290514649,-3262357856920159751,3,12.1515,255.1815,243.03,12.1515,9.3
969,605-03-2706,6809895645874246465,645785883765805621,3,2.37,49.77,47.4,2.37,9.5
970,214-30-2776,1792274006348302037,5723953669447051020,5,8.6225,181.0725,172.45,8.6225,9.0
971,746-04-1077,1792274006348302037,5822953609174748373,10,42.315,888.615,846.3,42.315,9.0
972,448-34-8700,-149253993290514649,-1240240417373164413,7,12.9185,271.2885,258.37,12.9185,6.7
973,452-04-8808,-2177661642399427046,7120167205286691673,7,30.478,640.038,609.56,30.478,5.5
974,531-56-4728,-2177661642399427046,2043301766330729337,3,12.012,252.252,240.24,12.012,5.4
975,744-82-9138,-2177661642399427046,3740626260478035480,2,8.613,180.873,172.26,8.613,8.2
976,883-69-1285,-149253993290514649,319107140396718573,2,4.992,104.832,99.84,4.992,7.0
977,221-25-5073,6809895645874246465,-131540157107792575,4,14.932,313.572,298.64,14.932,8.5
978,518-71-6847,-149253993290514649,7233684442849134054,6,7.98,167.58,159.6,7.98,4.9
979,156-20-0370,6809895645874246465,-1247816553818638928,1,1.2725,26.7225,25.45,1.2725,5.1
980,151-33-7434,6809895645874246465,551097366988483970,1,3.3885,71.1585,67.77,3.3885,6.5
981,728-47-9078,-149253993290514649,-5114989561895463589,4,11.918,250.278,238.36,11.918,9.8
982,809-46-1866,-2177661642399427046,-3304720004996996943,4,11.63,244.23,232.6,11.63,8.4
983,139-32-4183,1792274006348302037,-5938407467873035523,9,43.866,921.186,877.32,43.866,7.4
984,148-41-7930,-2177661642399427046,-684713030176149077,7,34.986,734.706,699.72,34.986,6.1
985,189-40-5216,-2177661642399427046,-7184225279453503193,7,33.7295,708.3195,674.59,33.7295,6.0
986,374-38-5555,6809895645874246465,8412683536700119309,5,15.9275,334.4775,318.55,15.9275,8.5
987,764-44-8999,6809895645874246465,3217662133915868471,2,1.476,30.996,29.52,1.476,4.3
988,552-44-5977,-149253993290514649,-3445654888596535936,8,24.8,520.8,496.0,24.8,6.2
989,267-62-7380,-149253993290514649,1430926562743783849,10,41.17,864.57,823.4,41.17,4.3
990,430-53-4718,-149253993290514649,-4605275326855914884,8,30.148,633.108,602.96,30.148,8.4
991,886-18-2897,6809895645874246465,-2160464765537629036,5,14.14,296.94,282.8,14.14,4.5
992,602-16-6955,6809895645874246465,3404313100668630870,10,38.3,804.3,766.0,38.3,6.0
993,745-74-0715,-2177661642399427046,-5149247632911448694,2,5.803,121.863,116.06,5.803,8.8
994,690-01-6631,-2177661642399427046,55223481731254892,10,8.745,183.645,174.9,8.745,6.6
995,652-49-6720,1792274006348302037,-8204010432254679708,1,3.0475,63.9975,60.95,3.0475,5.9
996,233-67-5758,-2177661642399427046,1406492062289452818,1,2.0175,42.3675,40.35,2.0175,6.2
997,303-96-2227,6809895645874246465,-830203188373267009,10,48.69,1022.49,973.8,48.69,4.4
998,727-02-1313,-149253993290514649,2843629657090974728,1,1.592,33.432,31.84,1.592,7.7
999,347-56-2442,-2177661642399427046,-3976458451897253644,1,3.291,69.111,65.82,3.291,4.1
1000,849-09-3807,1792274006348302037,-8985644297280356044,7,30.919,649.299,618.38,30.919,6.6
